,Company,ReceiveOffer,RejectOffer,Deal_Yes,Deal_No,Number of Presenters,Eth1,Eth2,Eth3,Eth4,Eth5,Male1,Male2,Male3,Male4,Female1,Female2,Female3,Female4,Novelties,Health_Wellness,Food_Beverage,Business_Services,Lifestyle,Software_Tech,Education,Automotive,Fashion_Beauty,Entertainment,Fitness,Pet_Products,Travel,CleanTech,other,MalePresenter,FemalePresenter,MixedGenderPresenters,CompanyState,AmountRequested,EquityRequested,ImpliedValuationRequested,BarbaraCorcoran,MarkCuban,LoriGreiner,RobertHerjavec,DaymondJohn,KevinOLeary,KevinHarrington,Guest
1,Wispots,0,0,0,1,1,2,0,0,0,0,1,0,0,0,0,0,0,0,0,0,0,1,0,0,0,0,0,0,0,0,0,0,0,1,0,0,NC,1200000,0.1,1.20E+07,1,0,0,1,1,1,1,0
2,CollegeFoxesPackingBoxes,1,1,0,1,2,4,2,0,0,0,1,1,0,0,0,0,0,0,0,0,0,1,0,0,0,0,0,0,0,0,0,0,0,1,0,0,FL,250000,0.25,1.00E+06,1,0,0,1,1,1,1,0
3,Mr.TodsPieFactory,1,0,1,0,1,1,0,0,0,0,1,0,0,0,0,0,0,0,0,0,1,0,0,0,0,0,0,0,0,0,0,0,0,1,0,0,NJ,460000,0.1,4600000,1,0,0,1,1,1,1,0
4,AvatheElephant,1,0,1,0,1,2,0,0,0,0,0,0,0,0,1,0,0,0,0,0,0,0,0,0,1,0,0,0,0,0,0,0,0,0,1,0,GA,50000,0.15,333333,1,0,0,1,1,1,1,0
5,AttachNoted,0,0,0,1,1,3,0,0,0,0,0,0,0,0,1,0,0,0,0,0,0,0,1,0,0,0,0,0,0,0,0,0,0,0,1,0,CA,1.00E+05,0.2,5.00E+05,1,0,0,1,1,1,1,0
6,CrookedJaw,0,0,0,1,1,2,0,0,0,0,1,0,0,0,0,0,0,0,0,0,0,0,0,0,0,0,1,0,0,0,0,0,0,1,0,0,CA,2.00E+05,0.2,1.00E+06,1,0,0,1,1,1,1,0
7,StressFreeKids,1,0,1,0,1,2,0,0,0,0,0,0,0,0,1,0,0,0,0,0,0,0,0,0,1,0,0,0,0,0,0,0,0,0,1,0,GA,250000,0.2,1250000,1,0,0,1,1,1,1,0
8,KwytzaChopstickArt,0,0,0,1,1,2,0,0,0,0,1,0,0,0,0,0,0,0,0,0,0,0,1,0,0,0,0,0,0,0,0,0,0,1,0,0,OR,1.00E+05,0.1,1.00E+06,1,0,0,1,1,1,1,0
9,Turbobaster,1,0,1,0,1,2,0,0,0,0,0,0,0,0,1,0,0,0,0,0,0,0,1,0,0,0,0,0,0,0,0,0,0,0,1,0,CA,35000,0.35,1.00E+05,1,0,0,1,1,1,1,0
10,SoulsCalling,0,0,0,1,1,4,0,0,0,0,0,0,0,0,1,0,0,0,0,0,0,0,1,0,0,0,0,0,0,0,0,0,0,0,1,0,TX,150000,0.25,6.00E+05,1,0,0,1,1,1,1,0
11,GiftCardRescue,1,0,1,0,1,1,0,0,0,0,1,0,0,0,0,0,0,0,0,0,0,1,0,0,0,0,0,0,0,0,0,0,0,1,0,0,MD,150000,0.3,5.00E+05,1,0,0,1,1,1,1,0
12,Coverplay,1,0,1,0,2,2,4,0,0,0,0,0,0,0,1,1,0,0,0,0,0,0,0,0,1,0,0,0,0,0,0,0,0,0,1,0,CA,350000,0.15,2333333,1,0,0,1,1,1,1,0
13,BodyJac,1,0,1,0,1,2,0,0,0,0,1,0,0,0,0,0,0,0,0,0,0,0,0,0,0,0,0,0,1,0,0,0,0,1,0,0,IA,180000,0.2,9.00E+05,1,0,0,1,1,1,1,0
14,MyTherapyJournal,1,0,1,0,2,4,4,0,0,0,1,1,0,0,0,0,0,0,0,0,0,1,0,0,0,0,0,0,0,0,0,0,0,1,0,0,FL,80000,0.2,4.00E+05,1,0,0,1,1,1,1,0
15,GranolaGourmet,0,0,0,1,1,2,0,0,0,0,1,0,0,0,0,0,0,0,0,0,1,0,0,0,0,0,0,0,0,0,0,0,0,1,0,0,CA,175000,0.25,7.00E+05,1,0,0,1,1,1,1,0
16,TheFizz,0,0,0,1,1,2,0,0,0,0,1,0,0,0,0,0,0,0,0,0,1,0,0,0,0,0,0,0,0,0,0,0,0,1,0,0,CA,150000,0.25,6.00E+05,1,0,0,1,1,1,1,0
17,ElementBars,1,0,1,0,1,2,0,0,0,0,1,0,0,0,0,0,0,0,0,0,1,0,0,0,0,0,0,0,0,0,0,0,0,1,0,0,IL,150000,0.15,1.00E+06,1,0,0,1,1,1,1,0
18,GrillCharms,1,0,1,0,1,2,0,0,0,0,0,0,0,0,1,0,0,0,0,0,0,0,1,0,0,0,0,0,0,0,0,0,0,0,1,0,SC,50000,0.25,2.00E+05,1,0,0,1,1,1,1,0
19,TheFunHouseProject,0,0,0,1,2,2,2,0,0,0,1,1,0,0,0,0,0,0,0,0,0,0,0,0,0,0,0,1,0,0,0,0,0,1,0,0,NY,3.00E+05,0.2,1500000,1,0,0,1,1,1,1,0
20,BoogieBoxFitness,0,0,0,1,2,4,2,0,0,0,0,0,0,0,1,1,0,0,0,0,0,0,0,0,0,0,0,0,1,0,0,0,0,0,1,0,CA,7.00E+05,0.7,1.00E+06,1,0,0,1,1,1,1,0
21,Soy-YerDough,1,0,1,0,1,2,0,0,0,0,1,0,0,0,0,0,0,0,0,0,0,0,0,0,0,0,0,1,0,0,0,0,0,1,0,0,IN,125000,0.25,5.00E+05,1,0,0,1,1,1,1,0
22,Throx,0,0,0,1,1,2,0,0,0,0,1,0,0,0,0,0,0,0,0,0,0,0,0,0,0,0,1,0,0,0,0,0,0,1,0,0,CA,50000,0.25,2.00E+05,1,0,0,1,1,1,1,0
23,GaylaBentleyFashion,1,0,1,0,1,2,0,0,0,0,0,0,0,0,1,0,0,0,0,0,0,0,0,0,0,0,1,0,0,0,0,0,0,0,1,0,TX,250000,0.2,1250000,1,0,0,1,1,1,1,0
24,VirtuSphere,0,0,0,1,2,4,4,0,0,0,1,1,0,0,0,0,0,0,0,0,0,0,0,1,0,0,0,0,0,0,0,0,0,1,0,0,NY,1500000,0.1,1.50E+07,1,0,0,1,1,1,1,0
25,Uroclub,1,0,1,0,1,2,0,0,0,0,1,0,0,0,0,0,0,0,0,0,0,0,0,0,0,0,0,0,1,0,0,0,0,1,0,0,FL,25000,0.51,49020,1,0,0,1,1,1,1,0
26,TheBobblePlace,1,1,0,1,1,2,0,0,0,0,1,0,0,0,0,0,0,0,0,0,0,0,0,0,0,0,0,1,0,0,0,0,0,1,0,0,FL,75000,0.18,416667,1,0,0,1,1,1,1,0
27,InkFlip,0,0,0,1,1,2,0,0,0,0,1,0,0,0,0,0,0,0,0,0,0,0,0,1,0,0,0,0,0,0,0,0,0,1,0,0,TN,150000,0.2,750000,1,0,0,1,1,1,1,0
28,TheChefinBlack,1,0,1,0,1,2,0,0,0,0,0,0,0,0,1,0,0,0,0,0,1,0,0,0,0,0,0,0,0,0,0,0,0,0,1,0,CA,50000,0.1,5.00E+05,1,0,0,1,1,1,1,0
29,RompNRoll,1,1,0,1,2,2,2,0,0,0,1,0,0,0,0,1,0,0,0,0,0,0,0,0,0,0,0,1,0,0,0,0,0,0,0,1,VA,3.00E+05,0.1,3.00E+06,1,0,0,1,1,1,1,0
30,TwisterCleaner,0,0,0,1,1,1,0,0,0,0,1,0,0,0,0,0,0,0,0,0,0,0,0,0,0,0,0,0,1,0,0,0,0,1,0,0,GA,85000,0.4,212500,1,0,0,1,1,1,1,0
31,HellsBellsHelmets,1,0,1,0,2,2,2,0,0,0,0,1,0,0,1,0,0,0,0,0,0,0,0,0,0,0,0,0,1,0,0,0,0,0,0,1,PA,5.00E+05,0.2,2500000,1,0,0,1,1,1,1,0
32,TheFactionist,0,0,0,1,1,0,0,0,0,0,1,0,0,0,0,0,0,0,0,0,0,0,0,0,0,0,1,0,0,0,0,0,0,1,0,0,NY,30000,0.2,150000,1,0,0,1,1,1,1,0
33,GreaseMonkeyWipes,1,0,1,0,2,2,2,0,0,0,1,0,0,0,0,1,0,0,0,0,0,0,0,0,0,0,0,0,1,0,0,0,0,0,0,1,TX,40000,0.4,1.00E+05,1,0,0,1,1,1,1,0
34,CaptainIceCream,0,0,0,1,1,2,0,0,0,0,1,0,0,0,0,0,0,0,0,0,1,0,0,0,0,0,0,0,0,0,0,0,0,1,0,0,CA,48000,0.25,192000,1,0,0,1,1,1,1,0
35,Caffeindicator,1,0,1,0,1,2,0,0,0,0,1,0,0,0,0,0,0,0,1,0,0,0,0,0,0,0,0,0,0,0,0,0,0,1,0,0,PA,2.00E+05,0.25,8.00E+05,1,0,0,1,1,1,1,0
36,LipstixRemix,1,0,1,0,1,2,0,0,0,0,0,0,0,0,1,0,0,0,0,0,0,0,0,0,0,0,1,0,0,0,0,0,0,0,1,0,TN,105000,0.3,350000,1,0,0,1,1,1,1,0
37,LlamaBrew,0,0,0,1,2,2,4,0,0,0,1,0,0,0,0,1,0,0,0,0,0,0,1,0,0,0,0,0,0,0,0,0,0,0,0,1,CA,125000,0.1,1250000,1,0,0,1,1,1,1,0
38,Nubrella,1,0,1,0,1,4,0,0,0,0,1,0,0,0,0,0,0,0,1,0,0,0,0,0,0,0,0,0,0,0,0,0,0,1,0,0,MA,2.00E+05,0.25,8.00E+05,1,0,0,1,1,1,1,0
39,PillarsofSlippers,0,0,0,1,1,1,0,0,0,0,0,0,0,0,1,0,0,0,0,0,0,0,0,0,0,0,1,0,0,0,0,0,0,0,1,0,IL,150000,0.15,1.00E+06,1,0,0,1,1,1,1,0
40,TippiToes,1,0,1,0,2,2,2,0,0,0,0,0,0,0,1,1,0,0,0,0,0,0,0,0,0,0,0,1,0,0,0,0,0,0,1,0,TX,30000,0.05,6.00E+05,1,1,0,1,1,1,0,0
41,CopadiVino,1,1,0,1,1,2,0,0,0,0,1,0,0,0,0,0,0,0,0,0,1,0,0,0,0,0,0,0,0,0,0,0,0,1,0,0,OR,3.00E+05,0.05,6.00E+06,1,1,0,1,1,1,0,0
42,FirstDefenseNasalScreen,1,0,1,0,1,2,0,0,0,0,1,0,0,0,0,0,0,0,0,1,0,0,0,0,0,0,0,0,0,0,0,0,0,1,0,0,FL,5.00E+05,0.1,5.00E+06,1,1,0,1,1,1,0,0
43,Toygaroo,1,0,1,0,1,2,0,0,0,0,0,0,0,0,1,0,0,0,0,0,0,0,0,0,0,0,0,1,0,0,0,0,0,0,1,0,CA,1.00E+05,0.1,1.00E+06,1,1,0,1,1,1,0,0
44,Vurtego,0,0,0,1,1,2,0,0,0,0,1,0,0,0,0,0,0,0,0,0,0,0,0,0,0,0,0,1,0,0,0,0,0,1,0,0,CA,5.00E+05,0.2,2500000,1,1,0,1,1,1,0,0
45,FitnessStride,0,0,0,1,1,1,0,0,0,0,1,0,0,0,0,0,0,0,0,0,0,0,0,0,0,0,0,0,1,0,0,0,0,1,0,0,KS,140000,0.15,933333,1,0,0,1,1,1,1,0
46,ModMomFurniture,1,0,1,0,1,2,0,0,0,0,0,0,0,0,1,0,0,0,0,0,0,0,1,0,0,0,0,0,0,0,0,0,0,0,1,0,AZ,90000,0.25,360000,1,0,0,1,1,1,1,0
47,Ride-OnCarry-On,1,0,1,0,2,2,2,0,0,0,0,1,0,0,1,0,0,0,0,0,0,0,0,0,1,0,0,0,0,0,0,0,0,0,0,1,GA,50000,0.25,2.00E+05,1,0,0,1,1,1,0,1
48,UncleZipsBeefJerky,0,0,0,1,1,2,0,0,0,0,1,0,0,0,0,0,0,0,0,0,1,0,0,0,0,0,0,0,0,0,0,0,0,1,0,0,NC,25000,0.2,125000,1,0,0,1,1,1,0,1
49,BroccoliWad,1,0,1,0,2,2,2,0,0,0,1,1,0,0,0,0,0,0,1,0,0,0,0,0,0,0,0,0,0,0,0,0,0,1,0,0,NY,50000,0.2,250000,1,0,0,1,1,1,0,1
50,HillbillyBrand,1,0,1,0,2,2,2,0,0,0,1,1,0,0,0,0,0,0,0,0,0,0,0,0,0,0,1,0,0,0,0,0,0,1,0,0,FL,50000,0.25,2.00E+05,1,0,0,1,1,1,0,1
51,Lightfilm,1,0,1,0,2,2,2,0,0,0,1,1,0,0,0,0,0,0,0,0,0,0,0,0,0,1,0,0,0,0,0,0,0,1,0,0,IL,1.00E+05,0.05,2.00E+06,1,0,0,1,1,1,1,0
52,FridgeFronts,1,0,1,0,1,2,0,0,0,0,0,0,0,0,1,0,0,0,0,0,0,0,1,0,0,0,0,0,0,0,0,0,0,0,1,0,OH,1.00E+05,0.3,333333,1,0,0,1,1,1,1,0
53,THINgloss,0,0,0,1,1,2,0,0,0,0,0,0,0,0,1,0,0,0,0,0,0,0,0,0,0,0,1,0,0,0,0,0,0,0,1,0,IN,80000,0.2,4.00E+05,1,0,0,1,1,1,1,0
54,CarsikBib,0,0,0,1,1,2,0,0,0,0,1,0,0,0,0,0,0,0,0,0,0,0,0,0,1,0,0,0,0,0,0,0,0,1,0,0,CA,30000,0.15,2.00E+05,1,0,0,1,1,1,0,1
55,Hydromax,1,0,1,0,1,1,0,0,0,0,1,0,0,0,0,0,0,0,0,0,0,0,0,0,0,0,0,0,1,0,0,0,0,1,0,0,TX,50000,0.25,2.00E+05,1,0,0,1,1,1,0,1
56,Games2U,1,1,0,1,2,2,2,0,0,0,1,1,0,0,0,0,0,0,0,0,0,0,0,0,0,0,0,1,0,0,0,0,0,1,0,0,TX,5.00E+05,0.1,5.00E+06,1,0,0,1,1,1,0,1
57,Ecomowers,0,0,0,1,1,2,0,0,0,0,1,0,0,0,0,0,0,0,0,0,0,0,1,0,0,0,0,0,0,0,0,0,0,1,0,0,MD,90000,0.2,450000,1,0,0,1,1,1,0,1
58,ManCandle,0,0,0,1,1,2,0,0,0,0,1,0,0,0,0,0,0,0,0,0,0,0,1,0,0,0,0,0,0,0,0,0,0,1,0,0,OK,50000,0.25,2.00E+05,1,1,0,1,1,1,0,0
59,Hy-Conn,1,0,1,0,1,2,0,0,0,0,1,0,0,0,0,0,0,0,0,0,0,0,1,0,0,0,0,0,0,0,0,0,0,1,0,0,AR,5.00E+05,0.4,1250000,1,1,0,1,1,1,0,0
60,Origaudio,1,0,1,0,2,2,2,0,0,0,1,1,0,0,0,0,0,0,0,0,0,0,0,1,0,0,0,0,0,0,0,0,0,1,0,0,CA,150000,0.15,1.00E+06,1,1,0,1,1,1,0,0
61,OneSole,1,0,1,0,1,4,0,0,0,0,0,0,0,0,1,0,0,0,0,0,0,0,0,0,0,0,1,0,0,0,0,0,0,0,1,0,FL,5.00E+05,0.2,2500000,1,0,0,1,1,1,1,0
62,AldoOrtaJewelry,1,0,1,0,1,4,0,0,0,0,1,0,0,0,0,0,0,0,0,0,0,0,0,0,0,0,1,0,0,0,0,0,0,1,0,0,IL,180000,0.45,4.00E+05,1,0,0,1,1,1,1,0
63,CitiKitty,1,0,1,0,1,2,0,0,0,0,0,0,0,0,1,0,0,0,0,0,0,0,0,0,0,0,0,0,0,1,0,0,0,0,1,0,PA,1.00E+05,0.15,666667,1,0,0,1,1,1,1,0
64,SamsonMartin,0,0,0,1,1,2,0,0,0,0,0,0,0,0,1,0,0,0,0,0,0,0,0,0,0,0,1,0,0,0,0,0,0,0,1,0,IL,50000,0.15,333333,1,0,0,1,1,1,1,0
65,TheCleanBottle,1,0,1,0,1,2,0,0,0,0,1,0,0,0,0,0,0,0,0,0,0,0,0,0,0,0,0,0,1,0,0,0,0,1,0,0,CA,60000,0.05,1200000,1,1,0,1,1,1,0,0
66,BusinessGhost,0,0,0,1,1,2,0,0,0,0,1,0,0,0,0,0,0,0,0,0,0,1,0,0,0,0,0,0,0,0,0,0,0,1,0,0,CA,2.00E+05,0.1,2.00E+06,1,1,0,1,1,1,0,0
67,EZVIP,1,0,1,0,1,1,0,0,0,0,1,0,0,0,0,0,0,0,0,0,0,0,0,0,0,0,0,1,0,0,0,0,0,1,0,0,FL,150000,0.15,1.00E+06,1,1,0,1,1,1,0,0
68,Salespreneur,0,0,0,1,1,4,0,0,0,0,1,0,0,0,0,0,0,0,0,0,0,1,0,0,0,0,0,0,0,0,0,0,0,1,0,0,CT,90000,0.4,225000,1,1,0,1,1,1,0,0
69,IWanttoDrawaCatforYou,1,0,1,0,1,2,0,0,0,0,1,0,0,0,0,0,0,0,0,0,0,1,0,0,0,0,0,0,0,0,0,0,0,1,0,0,IL,10000,0.25,40000,1,1,0,1,1,1,0,0
70,LiquidMoney,1,1,0,1,1,2,0,0,0,0,1,0,0,0,0,0,0,0,1,0,0,0,0,0,0,0,0,0,0,0,0,0,0,1,0,0,FL,1.00E+05,0.05,2.00E+06,1,1,0,1,1,1,0,0
71,ChordBuddy,1,0,1,0,1,2,0,0,0,0,1,0,0,0,0,0,0,0,0,0,0,0,0,0,0,0,0,1,0,0,0,0,0,1,0,0,AL,125000,0.1,1250000,1,1,0,1,1,1,0,0
72,YouSmellSoap,1,0,1,0,1,2,0,0,0,0,0,0,0,0,1,0,0,0,0,0,0,0,0,0,0,0,1,0,0,0,0,0,0,0,1,0,TX,55000,0.2,275000,1,1,0,1,1,1,0,0
73,ShowNo,1,0,1,0,1,2,0,0,0,0,0,0,0,0,1,0,0,0,0,0,0,0,0,0,1,0,0,0,0,0,0,0,0,0,1,0,CA,50000,0.25,2.00E+05,0,1,1,1,1,1,0,0
74,PuppyCake,0,0,0,1,1,2,0,0,0,0,0,0,0,0,1,0,0,0,0,0,0,0,0,0,0,0,0,0,0,1,0,0,0,0,1,0,PA,50000,0.25,2.00E+05,0,1,1,1,1,1,0,0
75,WineBalloon,1,0,1,0,1,2,0,0,0,0,1,0,0,0,0,0,0,0,0,0,0,0,1,0,0,0,0,0,0,0,0,0,0,1,0,0,OH,40000,0.3,133333,0,1,1,1,1,1,0,0
76,LedgePillow,0,0,0,1,1,2,0,0,0,0,0,0,0,0,1,0,0,0,1,0,0,0,0,0,0,0,0,0,0,0,0,0,0,0,1,0,FL,30000,0.25,120000,0,1,1,1,1,1,0,0
77,M3GirlDesigns,1,0,1,0,3,2,2,2,0,0,0,0,0,0,1,1,1,0,0,0,0,0,0,0,1,0,0,0,0,0,0,0,0,0,1,0,TX,3.00E+05,0.15,2.00E+06,0,1,1,1,1,1,0,0
78,TalbottTeas,1,0,1,0,2,2,2,0,0,0,1,1,0,0,0,0,0,0,0,0,1,0,0,0,0,0,0,0,0,0,0,0,0,1,0,0,CA,250000,0.2,1250000,0,1,1,1,1,1,0,0
79,TheLastLid,1,0,1,0,2,2,2,0,0,0,1,0,0,0,0,1,0,0,0,0,0,0,1,0,0,0,0,0,0,0,0,0,0,0,0,1,RI,40000,0.2,2.00E+05,0,1,1,1,1,1,0,0
80,EssoWatches,0,0,0,1,1,2,0,0,0,0,1,0,0,0,0,0,0,0,0,0,0,0,1,0,0,0,0,0,0,0,0,0,0,1,0,0,AZ,35000,0.2,175000,0,1,1,1,1,1,0,0
81,ThePaintedPretzel,1,0,1,0,1,1,0,0,0,0,0,0,0,0,1,0,0,0,0,0,1,0,0,0,0,0,0,0,0,0,0,0,0,0,1,0,AZ,1.00E+05,0.25,4.00E+05,0,1,1,1,1,1,0,0
82,Five-MinuteFurniture,1,1,0,1,1,2,0,0,0,0,1,0,0,0,0,0,0,0,0,0,0,0,1,0,0,0,0,0,0,0,0,0,0,1,0,0,MT,250000,0.25,1.00E+06,0,1,1,1,1,1,0,0
83,ScotteVest,1,1,0,1,1,2,0,0,0,0,1,0,0,0,0,0,0,0,0,0,0,0,0,0,0,0,1,0,0,0,0,0,0,1,0,0,ID,5.00E+05,0.15,3333333,1,1,0,1,1,1,0,0
84,Kisstixx,1,0,1,0,2,2,2,0,0,0,1,1,0,0,0,0,0,0,0,0,0,0,0,0,0,0,1,0,0,0,0,0,0,1,0,0,UT,2.00E+05,0.2,1.00E+06,1,1,0,1,1,1,0,0
85,Rent-A-Grandma,0,0,0,1,1,2,0,0,0,0,1,0,0,0,0,0,0,0,0,0,0,1,0,0,0,0,0,0,0,0,0,0,0,1,0,0,CA,150000,0.2,750000,1,1,0,1,1,1,0,0
86,MisoMedia,1,0,1,0,1,2,0,0,0,0,1,0,0,0,0,0,0,0,0,0,0,0,0,0,0,0,0,1,0,0,0,0,0,1,0,0,CA,3.00E+05,0.05,6.00E+06,1,1,0,1,1,1,0,0
87,Vinamor,0,0,0,1,1,2,0,0,0,0,1,0,0,0,0,0,0,0,0,0,0,0,1,0,0,0,0,0,0,0,0,0,0,1,0,0,CO,75000,0.3,250000,1,1,0,1,1,1,0,0
88,BarkemsToGo,0,0,0,1,1,0,0,0,0,0,1,0,0,0,0,0,0,0,0,0,0,0,0,0,0,0,0,0,0,1,0,0,0,1,0,0,CA,1.00E+05,0.51,196078,1,1,0,1,1,1,0,0
89,BrewersCowIceCream,0,0,0,1,3,2,2,2,0,0,1,1,1,0,0,0,0,0,0,0,1,0,0,0,0,0,0,0,0,0,0,0,0,1,0,0,CT,125000,0.15,833333,1,1,0,1,1,1,0,0
90,BlondiesCookies,0,0,0,1,1,2,0,0,0,0,0,0,0,0,1,0,0,0,0,0,1,0,0,0,0,0,0,0,0,0,0,0,0,0,1,0,IN,2.00E+05,0.03,6666667,1,1,0,1,1,1,0,0
91,TrimiTanks,0,0,0,1,2,2,2,0,0,0,0,0,0,0,1,1,0,0,0,0,0,0,0,0,0,0,1,0,0,0,0,0,0,0,1,0,PA,57000,0.3,190000,0,1,1,1,1,1,0,0
92,Lollacup,1,0,1,0,2,3,3,0,0,0,1,0,0,0,0,1,0,0,0,0,0,0,0,0,1,0,0,0,0,0,0,0,0,0,0,1,CA,1.00E+05,0.15,666667,0,1,1,1,1,1,0,0
93,BootIllusions,1,0,1,0,2,1,1,0,0,0,1,0,0,0,0,1,0,0,0,0,0,0,0,0,0,0,1,0,0,0,0,0,0,0,0,1,GA,1.00E+05,0.3,333333,1,1,0,1,1,1,0,0
94,Skyride,0,0,0,1,1,2,0,0,0,0,1,0,0,0,0,0,0,0,0,0,0,0,0,0,0,0,0,0,1,0,0,0,0,1,0,0,NY,3.00E+06,0.2,1.50E+07,1,1,0,1,1,1,0,0
95,MixBikini,1,0,1,0,2,2,2,0,0,0,1,1,0,0,0,0,0,0,0,0,0,0,0,0,0,0,1,0,0,0,0,0,0,1,0,0,NY,50000,0.05,1.00E+06,1,1,0,1,1,1,0,0
96,CAB-20RockBand,1,1,0,1,1,2,0,0,0,0,1,0,0,0,0,0,0,0,0,0,0,0,0,0,0,0,0,1,0,0,0,0,0,1,0,0,CA,2.00E+05,0.2,1.00E+06,1,1,0,1,1,1,0,0
97,BillyBlanksJr.sDanceWithMe,1,0,1,0,1,1,0,0,0,0,1,0,0,0,0,0,0,0,0,0,0,0,0,0,0,0,0,0,1,0,0,0,0,1,0,0,CA,1.00E+05,0.2,5.00E+05,1,1,0,1,1,1,0,0
98,WildSquirrelNutButter,1,0,1,0,2,2,2,0,0,0,0,0,0,0,1,1,0,0,0,0,1,0,0,0,0,0,0,0,0,0,0,0,0,0,1,0,OR,50000,0.1,5.00E+05,1,1,0,1,1,1,0,0
99,CougarEnergy,0,0,0,1,1,2,0,0,0,0,1,0,0,0,0,0,0,0,0,0,1,0,0,0,0,0,0,0,0,0,0,0,0,1,0,0,TX,150000,0.3,5.00E+05,1,1,0,1,1,1,0,0
100,UniKeyTechnologies,1,0,1,0,1,2,0,0,0,0,1,0,0,0,0,0,0,0,0,0,0,0,0,1,0,0,0,0,0,0,0,0,0,1,0,0,FL,5.00E+05,0.33,1515152,1,1,0,1,1,1,0,0
101,NitroforceIndustries,0,0,0,1,2,2,2,0,0,0,1,0,0,0,0,1,0,0,0,0,0,0,0,0,0,0,0,0,1,0,0,0,0,0,0,1,OH,250000,0.1,2500000,1,1,0,1,1,1,0,0
102,Remyxx,1,0,1,0,1,2,0,0,0,0,1,0,0,0,0,0,0,0,0,0,0,0,0,0,0,0,1,0,0,0,0,0,0,1,0,0,NC,50000,0.1,5.00E+05,1,1,0,1,1,1,0,0
103,BodyWalking,0,0,0,1,2,2,2,0,0,0,1,0,0,0,0,1,0,0,0,0,0,0,0,0,0,0,0,0,1,0,0,0,0,1,0,0,AZ,1.00E+05,0.1,1.00E+06,1,1,0,1,1,1,0,0
104,BuggyBeds,1,0,1,0,2,2,2,0,0,0,0,0,0,0,1,1,0,0,0,0,0,0,1,0,0,0,0,0,0,0,0,0,0,0,1,0,MA,125000,0.07,1785714,1,1,0,1,1,1,0,0
105,eCreamery,0,0,0,1,2,2,2,0,0,0,0,0,0,0,1,1,0,0,0,0,1,0,0,0,0,0,0,0,0,0,0,0,0,0,1,0,NE,250000,0.33,757576,1,1,0,1,1,1,0,0
106,CateApp,1,0,1,0,1,1,0,0,0,0,1,0,0,0,0,0,0,0,0,0,0,0,0,1,0,0,0,0,0,0,0,0,0,1,0,0,CA,50000,0.05,1.00E+06,1,1,0,1,1,1,0,0
107,AlphaM,0,0,0,1,3,2,2,2,0,0,1,1,1,0,0,0,0,0,0,0,0,1,0,0,0,0,0,0,0,0,0,0,0,1,0,0,GA,50000,0.1,5.00E+05,1,1,0,1,1,1,0,0
108,SurfSetFitness,1,0,1,0,2,2,2,0,0,0,1,0,0,0,0,1,0,0,0,0,0,0,0,0,0,0,0,0,1,0,0,0,0,0,0,1,NH,150000,0.1,1500000,1,1,0,1,1,1,0,0
109,LizLovelyCookies,0,0,0,1,2,2,2,0,0,0,0,1,0,0,1,0,0,0,0,0,1,0,0,0,0,0,0,0,0,0,0,0,0,0,0,1,VT,2.00E+05,0.1,2.00E+06,1,1,0,1,1,1,0,0
110,RockBands,1,0,1,0,1,2,0,0,0,0,1,0,0,0,0,0,0,0,0,0,0,0,0,0,0,0,1,0,0,0,0,0,0,1,0,0,FL,1.00E+05,0.2,5.00E+05,1,1,0,1,1,1,0,0
111,Back9Dips,1,0,1,0,2,2,2,0,0,0,1,0,0,0,0,1,0,0,0,0,1,0,0,0,0,0,0,0,0,0,0,0,0,0,0,1,FL,150000,0.15,1.00E+06,0,1,1,1,1,1,0,0
112,TheSpatty,0,0,0,1,1,2,0,0,0,0,0,0,0,0,1,0,0,0,0,0,0,0,0,0,0,0,1,0,0,0,0,0,0,0,1,0,SC,50000,0.4,125000,1,1,0,1,1,1,0,0
113,FreakerUSA,0,0,0,1,1,2,0,0,0,0,1,0,0,0,0,0,0,0,1,0,0,0,0,0,0,0,0,0,0,0,0,0,0,1,0,0,NC,2.00E+05,0.1,2.00E+06,1,1,0,1,1,1,0,0
114,PRO-NRG,1,0,1,0,2,2,1,0,0,0,0,1,0,0,1,0,0,0,0,0,1,0,0,0,0,0,0,0,0,0,0,0,0,0,0,1,NJ,250000,0.15,1666667,1,1,0,1,1,1,0,0
115,EcoNuts,0,0,0,1,2,2,2,0,0,0,0,1,0,0,1,0,0,0,0,0,0,0,1,0,0,0,0,0,0,0,0,0,0,0,0,1,CA,175000,0.15,1166667,1,1,0,1,1,1,0,0
116,TheSBUUnicycle,1,0,1,0,2,2,2,0,0,0,1,1,0,0,0,0,0,0,0,0,0,0,0,0,0,0,0,0,1,0,0,0,0,1,0,0,WA,3.00E+05,0.1,3.00E+06,0,1,1,1,1,1,0,0
117,TheShemie,0,0,0,1,3,2,2,1,0,0,0,0,0,0,1,1,1,0,0,0,0,0,0,0,0,0,1,0,0,0,0,0,0,1,0,0,CA,60000,0.2,3.00E+05,0,1,1,1,1,1,0,0
118,TheBearTheRat,0,0,0,1,2,2,2,0,0,0,0,1,0,0,1,0,0,0,0,0,0,0,0,0,0,0,0,0,0,1,0,0,0,0,0,1,CO,125000,0.2,625000,0,1,1,1,1,1,0,0
119,NoFlyCone,0,0,0,1,1,2,0,0,0,0,1,0,0,0,0,0,0,0,0,0,0,0,1,0,0,0,0,0,0,0,0,0,0,1,0,0,CA,25000,0.15,166667,0,1,1,1,1,1,0,0
120,CoolWazoo,1,0,1,0,1,2,0,0,0,0,0,0,0,0,1,0,0,0,0,0,0,0,0,0,1,0,0,0,0,0,0,0,0,0,1,0,CA,65000,0.25,260000,0,1,1,1,1,1,0,0
121,DriveSuits,1,0,1,0,1,2,0,0,0,0,1,0,0,0,0,0,0,0,0,0,0,0,0,0,0,0,1,0,0,0,0,0,0,1,0,0,CA,150000,0.2,750000,1,1,0,1,1,1,0,0
122,ReVestor,0,0,0,1,1,2,0,0,0,0,1,0,0,0,0,0,0,0,0,0,0,1,0,0,0,0,0,0,0,0,0,0,0,1,0,0,CA,250000,0.1,2500000,1,1,0,1,1,1,0,0
123,PCClassesOnline,0,0,0,1,1,2,0,0,0,0,1,0,0,0,0,0,0,0,0,0,0,1,0,0,0,0,0,0,0,0,0,0,0,1,0,0,MA,150000,0.15,1.00E+06,1,1,0,1,1,1,0,0
124,IceChipsCandy,1,0,1,0,2,2,2,0,0,0,0,0,0,0,1,1,0,0,0,0,1,0,0,0,0,0,0,0,0,0,0,0,0,0,1,0,WA,250000,0.15,1666667,1,1,0,1,1,1,0,0
125,Ruckpack,1,0,1,0,1,2,0,0,0,0,1,0,0,0,0,0,0,0,0,0,1,0,0,0,0,0,0,0,0,0,0,0,0,1,0,0,CA,75000,0.1,750000,1,1,0,1,1,1,0,0
126,CorksAway,0,0,0,1,2,2,2,0,0,0,1,1,0,0,0,0,0,0,0,0,0,0,0,0,0,0,0,1,0,0,0,0,0,1,0,0,CA,105000,0.2,525000,1,1,0,1,1,1,0,0
127,TieTry,0,0,0,1,2,2,2,0,0,0,1,1,0,0,0,0,0,0,0,0,0,0,0,0,0,0,1,0,0,0,0,0,0,1,0,0,NY,1.00E+05,0.25,4.00E+05,1,1,0,1,1,1,0,0
128,PartiePoche,0,0,0,1,2,2,2,0,0,0,1,0,0,0,0,1,0,0,0,0,0,0,0,0,0,0,1,0,0,0,0,0,0,0,0,1,CA,1.00E+05,0.2,5.00E+05,1,1,0,1,1,1,0,0
129,ARKEG,0,0,0,1,2,2,2,0,0,0,1,1,0,0,0,0,0,0,0,0,0,0,1,0,0,0,0,0,0,0,0,0,0,1,0,0,CA,1.00E+05,0.33,303030,0,1,1,1,1,1,0,0
130,HotTot,1,0,1,0,2,2,2,0,0,0,0,1,0,0,1,0,0,0,0,0,0,0,0,0,1,0,0,0,0,0,0,0,0,0,1,0,CO,50000,0.15,333333,0,1,1,1,1,1,0,0
131,Dura-Tent,0,0,0,1,1,2,0,0,0,0,1,0,0,0,0,0,0,0,0,0,0,0,0,0,0,0,0,0,1,0,0,0,0,1,0,0,CA,50000,0.3,166667,0,1,1,1,1,1,0,0
132,TeddyNeedsaBath,1,0,1,0,1,2,0,0,0,0,0,0,0,0,1,0,0,0,0,0,0,0,1,0,0,0,0,0,0,0,0,0,0,0,1,0,CA,50000,0.1,5.00E+05,0,1,1,1,1,1,0,0
133,CoffeeJoulies,1,0,1,0,2,2,2,0,0,0,1,1,0,0,0,0,0,0,1,0,0,0,0,0,0,0,0,0,0,0,0,0,0,1,0,0,NJ,150000,0.05,3.00E+06,0,1,1,1,1,1,0,0
134,SoundBender,1,0,1,0,1,2,0,0,0,0,1,0,0,0,0,0,0,0,0,0,0,0,0,1,0,0,0,0,0,0,0,0,0,1,0,0,MN,54000,0.26,207692,1,1,0,1,1,1,0,0
135,CuddleTunes,0,0,0,1,1,2,0,0,0,0,1,0,0,0,0,0,0,0,0,0,0,0,0,0,0,0,0,1,0,0,0,0,0,1,0,0,CA,4.00E+05,0.2,2.00E+06,1,1,0,1,1,1,0,0
136,Bibbitec,0,0,0,1,2,2,2,0,0,0,0,1,0,0,1,0,0,0,0,0,0,0,0,0,1,0,0,0,0,0,0,0,0,0,0,1,FL,40000,0.14,285714,1,1,0,1,1,1,0,0
137,XeroShoes,1,1,0,1,2,2,2,0,0,0,1,0,0,0,0,1,0,0,0,0,0,0,0,0,0,0,1,0,0,0,0,0,0,0,0,1,CO,4.00E+05,0.08,5.00E+06,1,1,0,1,1,1,0,0
138,TheGreenGarmento,0,0,0,1,1,2,0,0,0,0,0,0,0,0,1,0,0,0,0,0,0,0,1,0,0,0,0,0,0,0,0,0,0,0,1,0,CA,3.00E+05,0.2,1500000,1,1,0,1,1,1,0,0
139,MyColdSnap,0,0,0,1,2,2,2,0,0,0,1,1,0,0,0,0,0,0,1,0,0,0,0,0,0,0,0,0,0,0,0,0,0,1,0,0,TX,50000,1,50000,1,1,0,1,1,1,0,0
140,HoodiePillow,1,0,1,0,2,2,2,0,0,0,1,0,0,0,0,1,0,0,1,0,0,0,0,0,0,0,0,0,0,0,0,0,0,0,0,1,NJ,90000,0.15,6.00E+05,1,1,0,1,1,1,0,0
141,Grinds,1,0,1,0,2,2,2,0,0,0,1,1,0,0,0,0,0,0,0,0,1,0,0,0,0,0,0,0,0,0,0,0,0,1,0,0,CA,75000,0.1,750000,1,1,0,1,1,1,0,0
142,Smartwheel,1,0,1,0,4,2,2,2,2,2,0,1,0,0,1,0,1,1,0,0,0,0,0,0,0,1,0,0,0,0,0,0,0,0,0,1,NJ,1.00E+05,0.15,666667,1,1,0,1,1,1,0,0
143,PrettyPaddedRoom,0,0,0,1,1,1,0,0,0,0,0,0,0,0,1,0,0,0,0,0,0,1,0,0,0,0,0,0,0,0,0,0,0,0,1,0,NY,1.00E+05,0.3,333333,1,1,0,1,1,1,0,0
144,HowDoYouRoll,1,0,1,0,2,3,3,0,0,0,1,1,0,0,0,0,0,0,0,0,1,0,0,0,0,0,0,0,0,0,0,0,0,1,0,0,TX,1.00E+06,0.12,8333333,1,1,0,1,1,1,0,0
145,HipChix,0,0,0,1,2,2,2,0,0,0,0,0,0,0,1,1,0,0,0,0,0,0,0,0,0,0,1,0,0,0,0,0,0,0,1,0,TX,150000,0.35,428571,0,1,1,1,1,1,0,0
146,AddisonsWonderland,0,0,0,1,2,2,2,0,0,0,0,0,0,0,1,1,0,0,0,0,0,0,0,0,1,0,0,0,0,0,0,0,0,0,1,0,GA,90000,0.2,450000,0,1,1,1,1,1,0,0
147,MuddyWaterCamo,1,1,0,1,2,2,2,0,0,0,1,1,0,0,0,0,0,0,0,0,0,0,0,0,0,0,0,0,1,0,0,0,0,1,0,0,MS,150000,0.05,3.00E+06,0,1,1,1,1,1,0,0
148,ProofEyewear,1,1,0,1,3,2,2,2,0,0,1,1,1,0,0,0,0,0,0,0,0,0,0,0,0,0,1,0,0,0,0,0,0,1,0,0,ID,150000,0.1,1500000,0,1,1,1,1,1,0,0
149,PSIBands,1,1,0,1,1,2,0,0,0,0,0,0,0,0,1,0,0,0,0,0,0,0,1,0,0,0,0,0,0,0,0,0,0,0,1,0,CA,250000,0.1,2500000,1,1,0,1,1,1,0,0
150,NeoInnovations,0,0,0,1,2,2,2,0,0,0,1,1,0,0,0,0,0,0,0,0,0,0,1,0,0,0,0,0,0,0,0,0,0,1,0,0,CO,80000,0.2,4.00E+05,1,1,0,1,1,1,0,0
151,Cordaroys,1,0,1,0,2,2,2,0,0,0,1,0,0,0,0,1,0,0,0,0,0,0,1,0,0,0,0,0,0,0,0,0,0,1,0,0,FL,2.00E+05,0.2,1.00E+06,0,1,1,1,1,1,0,0
152,Coolwraps,1,0,1,0,1,2,0,0,0,0,1,0,0,0,0,0,0,0,0,0,0,0,1,0,0,0,0,0,0,0,0,0,0,1,0,0,FL,1.00E+05,0.4,250000,0,1,1,1,1,1,0,0
153,SimpleSugars,1,0,1,0,1,2,0,0,0,0,0,0,0,0,1,0,0,0,0,0,0,0,0,0,0,0,1,0,0,0,0,0,0,0,1,0,PA,1.00E+05,0.1,1.00E+06,0,1,1,1,1,1,0,0
154,TraditionalFisheries,0,0,0,1,2,2,2,0,0,0,1,1,0,0,0,0,0,0,0,0,1,0,0,0,0,0,0,0,0,0,0,0,0,1,0,0,MN,225000,0.25,9.00E+05,0,1,1,1,1,1,0,0
155,Liddup,1,0,1,0,2,2,2,0,0,0,1,1,0,0,0,0,0,0,1,0,0,0,0,0,0,0,0,0,0,0,0,0,0,1,0,0,NV,1.00E+05,0.1,1.00E+06,0,1,1,1,1,1,0,0
156,RootSuit,0,0,0,1,1,2,0,0,0,0,1,0,0,0,0,0,0,0,0,0,0,0,0,0,0,0,1,0,0,0,0,0,0,1,0,0,LA,1.00E+05,0.15,666667,0,1,1,1,1,1,0,0
157,GobieH2O,1,0,1,0,1,2,0,0,0,0,1,0,0,0,0,0,0,0,0,0,0,0,0,0,0,0,0,0,1,0,0,0,0,1,0,0,CA,3.00E+05,0.1,3.00E+06,0,1,1,1,1,1,0,0
158,MissionBelt,1,0,1,0,1,2,0,0,0,0,1,0,0,0,0,0,0,0,0,0,0,0,0,0,0,0,1,0,0,0,0,0,0,1,0,0,UT,50000,0.2,250000,0,1,1,1,1,1,0,0
159,ShellBobber,1,0,1,0,2,2,2,0,0,0,1,1,0,0,0,0,0,0,0,0,0,0,0,0,0,0,0,0,1,0,0,0,0,1,0,0,FL,80000,0.2,4.00E+05,0,1,1,1,1,1,0,0
160,WickedGoodCupcakes,1,0,1,0,2,2,2,0,0,0,0,0,0,0,1,1,0,0,0,0,1,0,0,0,0,0,0,0,0,0,0,0,0,0,1,0,MA,75000,0.2,375000,0,1,1,1,1,1,0,0
161,nPowerPegKineticEnergyGenerator,0,0,0,1,1,2,0,0,0,0,1,0,0,0,0,0,0,0,0,0,0,0,0,0,0,0,0,0,1,0,0,0,0,1,0,0,OH,2.00E+06,0.22,9090909,0,1,1,1,1,1,0,0
162,MistoBox,1,0,1,0,2,2,2,0,0,0,1,0,0,0,0,1,0,0,0,0,1,0,0,0,0,0,0,0,0,0,0,0,0,0,0,1,AZ,75000,0.15,5.00E+05,0,1,1,1,1,1,0,0
163,VermontButcherBlockBoardCompany,0,0,0,1,1,2,0,0,0,0,1,0,0,0,0,0,0,0,0,0,0,0,1,0,0,0,0,0,0,0,0,0,0,1,0,0,VT,4.00E+05,0.25,1600000,0,1,1,1,1,1,0,0
164,Mee-MasLouisianaGumboBrick,1,0,1,0,1,2,0,0,0,0,0,0,0,0,1,0,0,0,0,0,1,0,0,0,0,0,0,0,0,0,0,0,0,0,1,0,CA,2.00E+05,0.2,1.00E+06,0,1,1,1,1,1,0,0
165,KaZAMBikes,1,0,1,0,1,2,0,0,0,0,0,0,0,0,1,0,0,0,0,0,0,0,0,0,0,0,0,1,0,0,0,0,0,0,1,0,VA,3.00E+05,0.2,1500000,1,1,0,1,1,1,0,0
166,BabysBadassBurgers,0,0,0,1,4,2,2,2,2,0,0,0,0,0,1,1,1,1,0,0,1,0,0,0,0,0,0,0,0,0,0,0,0,0,1,0,FL,250000,0.3,833333,1,1,0,1,1,1,0,0
167,TrackDays,0,0,0,1,2,2,2,0,0,0,1,1,0,0,0,0,0,0,0,0,0,0,0,0,0,0,0,1,0,0,0,0,0,1,0,0,CA,5.00E+06,0.34,14705882,1,1,0,1,1,1,0,0
168,PinkShutter,1,0,1,0,2,3,3,0,0,0,1,1,0,0,0,0,0,0,0,0,0,0,0,0,0,0,0,1,0,0,0,0,0,1,0,0,CA,3.00E+05,0.1,3.00E+06,1,1,0,1,1,1,0,0
169,StellaValle,1,0,1,0,2,2,2,0,0,0,0,0,0,0,1,1,0,0,0,0,0,0,0,0,0,0,1,0,0,0,0,0,0,0,1,0,NJ,150000,0.25,6.00E+05,0,1,1,1,1,1,0,0
170,LugLess,0,0,0,1,1,2,0,0,0,0,1,0,0,0,0,0,0,0,0,0,0,1,0,0,0,0,0,0,0,0,0,0,0,1,0,0,NY,1.00E+05,0.1,1.00E+06,0,1,1,1,1,1,0,0
171,ThreeDayRule,0,0,0,1,1,2,0,0,0,0,0,0,0,0,1,0,0,0,0,0,0,1,0,0,0,0,0,0,0,0,0,0,0,0,1,0,CA,2.00E+05,0.1,2.00E+06,1,1,0,1,1,1,0,0
172,VerbalizeIt,1,0,1,0,3,4,2,2,0,0,1,1,0,0,0,0,1,0,0,0,0,1,0,0,0,0,0,0,0,0,0,0,0,1,0,0,NY,250000,0.15,1666667,1,1,0,1,1,1,0,0
173,RyansBarkery,1,0,1,0,2,2,2,0,0,0,0,1,0,0,1,0,0,0,0,0,0,0,0,0,0,0,0,0,0,1,0,0,0,1,0,0,CT,25000,0.25,1.00E+05,1,1,0,1,1,1,0,0
174,RoloDoc,0,0,0,1,2,2,4,0,0,0,1,1,0,0,0,0,0,0,0,0,0,1,0,0,0,0,0,0,0,0,0,0,0,1,0,0,AZ,50000,0.2,250000,1,1,1,1,0,1,0,0
175,Breathometer,1,0,1,0,1,3,0,0,0,0,1,0,0,0,0,0,0,0,0,0,0,0,0,0,0,1,0,0,0,0,0,0,0,1,0,0,CA,250000,0.1,2500000,0,1,1,1,1,1,0,0
176,MangoMango,1,0,0,1,3,1,1,1,0,0,0,0,0,0,1,1,1,0,0,0,1,0,0,0,0,0,0,0,0,0,0,0,0,0,1,0,VA,75000,0.2,375000,0,1,1,1,1,1,0,0
177,FairytaleWishes,0,0,0,1,1,2,0,0,0,0,0,0,0,0,1,0,0,0,0,0,0,0,0,0,1,0,0,0,0,0,0,0,0,0,1,0,IL,35000,0.33,106061,1,1,1,1,0,1,0,0
178,Freeloader,1,0,1,0,2,2,4,0,0,0,1,1,0,0,0,0,0,0,0,0,0,0,0,0,1,0,0,0,0,0,0,0,0,1,0,0,TX,2.00E+05,0.15,1333333,1,1,1,1,0,1,0,0
179,RapidRamenCooker,1,0,1,0,1,1,0,0,0,0,1,0,0,0,0,0,0,0,0,0,0,0,1,0,0,0,0,0,0,0,0,0,0,1,0,0,CA,3.00E+05,0.1,3.00E+06,1,1,1,1,0,1,0,0
180,KooknKap,0,0,0,1,2,2,4,0,0,0,0,0,0,0,1,1,0,0,0,0,0,0,1,0,0,0,0,0,0,0,0,0,0,0,1,0,CA,50000,0.2,250000,1,1,1,1,0,1,0,0
181,Scan.Me,0,0,0,1,1,4,0,0,0,0,1,0,0,0,0,0,0,0,0,0,0,0,0,1,0,0,0,0,0,0,0,0,0,1,0,0,CA,1.00E+06,0.05,2.00E+07,0,1,1,1,1,1,0,0
182,ScreenMend,1,0,1,0,3,2,2,2,0,0,1,0,0,0,0,1,1,0,0,0,0,0,1,0,0,0,0,0,0,0,0,0,0,0,0,1,NY,30000,0.25,120000,0,1,1,1,1,1,0,0
183,VeggieMamaGardenPops,1,0,1,0,2,2,4,0,0,0,0,1,0,0,1,0,0,0,0,0,0,0,0,0,1,0,0,0,0,0,0,0,0,0,0,1,CA,75000,0.15,5.00E+05,1,1,1,1,0,1,0,0
184,RentAGoat,0,0,0,1,3,2,2,2,0,0,1,1,0,0,0,0,1,0,0,0,0,1,0,0,0,0,0,0,0,0,0,0,0,1,0,0,CA,150000,0.25,6.00E+05,1,1,1,1,0,1,0,0
185,RuffleButtsandRuggedButts,1,0,1,0,2,4,4,0,0,0,1,0,0,0,0,1,0,0,0,0,0,0,0,0,1,0,0,0,0,0,0,0,0,0,0,1,TX,6.00E+05,0.07,8571429,1,1,1,1,0,1,0,0
186,ElephantChat,0,0,0,1,2,2,2,0,0,0,1,0,0,0,0,1,0,0,1,0,0,0,0,0,0,0,0,0,0,0,0,0,0,0,0,1,TX,50000,0.2,250000,0,1,1,1,1,1,0,0
187,FiberFix,1,0,1,0,2,2,2,0,0,0,1,1,0,0,0,0,0,0,0,0,0,0,1,0,0,0,0,0,0,0,0,0,0,1,0,0,UT,90000,0.1,9.00E+05,0,1,1,1,1,1,0,0
188,180Cup,1,0,1,0,1,4,0,0,0,0,1,0,0,0,0,0,0,0,0,0,0,0,1,0,0,0,0,0,0,0,0,0,0,1,0,0,NY,3.00E+05,0.15,2.00E+06,0,1,1,0,1,1,0,1
189,BetterLife,1,0,1,0,2,2,2,0,0,0,1,1,0,0,0,0,0,0,0,0,0,0,1,0,0,0,0,0,0,0,0,0,0,1,0,0,MO,4.00E+05,0.07,5714286,0,1,1,0,1,1,0,1
190,TreeTPee,1,0,1,0,1,4,0,0,0,0,1,0,0,0,0,0,0,0,0,0,0,0,1,0,0,0,0,0,0,0,0,0,0,1,0,0,FL,150000,0.2,750000,0,1,1,0,1,1,0,1
191,PaparazziProposals,1,0,1,0,1,4,0,0,0,0,1,0,0,0,0,0,0,0,0,0,0,0,0,0,0,0,1,0,0,0,0,0,0,1,0,0,NY,250000,0.2,1250000,1,1,1,1,0,1,0,0
192,PetPaint,1,1,0,1,1,2,0,0,0,0,1,0,0,0,0,0,0,0,0,0,0,0,0,0,0,0,0,0,0,1,0,0,0,1,0,0,CA,2.00E+05,0.2,1.00E+06,1,1,1,1,0,1,0,0
193,MagicalMoments,0,0,0,1,3,4,4,2,0,0,1,1,1,0,0,0,0,0,0,0,0,1,0,0,0,0,0,0,0,0,0,0,0,1,0,0,MI,5.00E+05,0.15,3333333,0,1,1,1,1,1,0,0
194,DoorBot,1,1,0,1,1,2,0,0,0,0,1,0,0,0,0,0,0,0,0,0,0,0,1,0,0,0,0,0,0,0,0,0,0,1,0,0,CA,7.00E+05,0.1,7.00E+06,0,1,1,1,1,1,0,0
195,Slawsa,0,0,0,1,1,4,0,0,0,0,0,0,0,0,1,0,0,0,0,0,1,0,0,0,0,0,0,0,0,0,0,0,0,0,1,0,NC,150000,0.15,1.00E+06,0,1,1,1,1,1,0,0
196,GraceLace,1,0,1,0,2,2,4,0,0,0,1,0,0,0,0,1,0,0,0,0,0,0,0,0,0,0,1,0,0,0,0,0,0,0,0,1,TX,175000,0.1,1750000,1,1,1,1,0,1,0,0
197,Yubo,1,0,1,0,2,2,4,0,0,0,1,0,0,0,0,1,0,0,0,0,0,0,0,0,0,0,0,1,0,0,0,0,0,0,0,1,CA,150000,0.15,1.00E+06,1,1,1,1,0,1,0,0
198,PurseCase,1,0,1,0,2,2,2,0,0,0,0,0,0,0,1,1,0,0,0,0,0,0,0,0,0,0,1,0,0,0,0,0,0,0,1,0,CA,55000,0.12,458333,1,1,1,1,0,1,0,0
199,Fohawx,0,0,0,1,2,2,4,0,0,0,0,0,0,0,1,1,0,0,0,0,0,0,0,0,1,0,0,0,0,0,0,0,0,0,1,0,NY,150000,0.3,5.00E+05,1,1,0,1,1,1,0,0
200,VirtuixOmni,0,0,0,1,1,2,0,0,0,0,1,0,0,0,0,0,0,0,0,0,0,0,0,1,0,0,0,0,0,0,0,0,0,1,0,0,TX,2.00E+06,0.1,2.00E+07,1,1,0,1,1,1,0,0
201,BubbasQBBQ,1,0,1,0,2,1,1,0,0,0,1,0,0,0,0,1,0,0,0,0,1,0,0,0,0,0,0,0,0,0,0,0,0,0,0,1,OH,3.00E+05,0.15,2.00E+06,1,1,0,1,1,1,0,0
202,Lite-Netics,0,0,0,1,1,2,0,0,0,0,1,0,0,0,0,0,0,0,0,0,0,0,1,0,0,0,0,0,0,0,0,0,0,1,0,0,TX,125000,0.2,625000,0,1,1,1,1,1,0,0
203,CashmereHair,0,0,0,1,2,2,2,0,0,0,0,0,0,0,1,1,0,0,0,0,0,0,0,0,0,0,1,0,0,0,0,0,0,0,1,0,CA,45000,0.15,3.00E+05,0,1,1,1,1,1,0,0
204,TipsyElves,1,0,1,0,2,4,4,0,0,0,1,1,0,0,0,0,0,0,0,0,0,0,1,0,0,0,0,0,0,0,0,0,0,1,0,0,CA,1.00E+05,0.05,2.00E+06,0,1,1,1,1,1,0,0
205,BounceBootCamp,0,0,0,1,1,4,0,0,0,0,1,0,0,0,0,0,0,0,0,0,0,0,0,0,0,0,0,1,0,0,0,0,0,1,0,0,AZ,30000,0.2,150000,0,1,1,1,1,1,0,0
206,Eyebloc,0,0,0,1,1,2,0,0,0,0,1,0,0,0,0,0,0,0,1,0,0,0,0,0,0,0,0,0,0,0,0,0,0,1,0,0,DC,50000,0.1,5.00E+05,0,1,1,1,1,1,0,0
207,WallRx,1,0,1,0,1,1,0,0,0,0,1,0,0,0,0,0,0,0,0,0,0,0,1,0,0,0,0,0,0,0,0,0,0,1,0,0,DE,150000,0.1,1500000,0,1,1,1,1,1,0,0
208,BalloonDistractions,0,0,0,1,1,2,0,0,0,0,1,0,0,0,0,0,0,0,0,0,0,0,0,0,0,0,0,1,0,0,0,0,0,1,0,0,FL,250000,0.3,833333,1,1,1,1,0,1,0,0
209,Invisiplug,1,0,1,0,2,2,2,0,0,0,1,1,0,0,0,0,0,0,0,0,0,0,1,0,0,0,0,0,0,0,0,0,0,1,0,0,CA,125000,0.1,1250000,1,1,1,1,0,1,0,0
210,AlaskaGlacialMudCo.,0,0,0,1,1,2,0,0,0,0,0,0,0,0,1,0,0,0,0,0,0,0,0,0,0,0,1,0,0,0,0,0,0,0,1,0,AK,1.00E+05,0.2,5.00E+05,1,1,1,1,0,1,0,0
211,LockerBones,1,0,1,0,2,2,4,0,0,0,1,1,0,0,0,0,0,0,0,0,0,0,1,0,0,0,0,0,0,0,0,0,0,1,0,0,MS,175000,0.1,1750000,1,1,1,1,0,1,0,0
212,SwimZip,1,0,1,0,2,2,2,0,0,0,1,0,0,0,0,1,0,0,0,0,0,0,0,0,1,0,0,0,0,0,0,0,0,0,0,1,KS,60000,0.05,1200000,0,1,1,1,1,1,0,0
213,FitDeck,0,0,0,1,1,4,0,0,0,0,1,0,0,0,0,0,0,0,0,0,0,0,0,0,0,0,0,0,1,0,0,0,0,1,0,0,CA,3.00E+05,0.2,1500000,0,1,1,1,1,1,0,0
214,Cycloramic,1,0,1,0,1,4,0,0,0,0,1,0,0,0,0,0,0,0,0,0,0,0,0,1,0,0,0,0,0,0,0,0,0,1,0,0,GA,90000,0.05,1800000,0,1,1,0,1,1,0,1
215,DDPYoga,0,0,0,1,2,2,3,0,0,0,1,1,0,0,0,0,0,0,0,0,0,0,0,0,0,0,0,0,1,0,0,0,0,1,0,0,GA,2.00E+05,0.05,4.00E+06,1,1,0,1,1,1,0,0
216,SouthernCultureArtisanFoods,1,0,1,0,1,1,0,0,0,0,0,0,0,0,1,0,0,0,0,0,1,0,0,0,0,0,0,0,0,0,0,0,0,0,1,0,GA,1.00E+05,0.25,4.00E+05,1,1,0,1,1,1,0,0
217,SpyEscapeandEvasion,1,0,1,0,1,2,0,0,0,0,1,0,0,0,0,0,0,0,0,0,0,1,0,0,0,0,0,0,0,0,0,0,0,1,0,0,UT,1.00E+05,0.15,666667,1,1,0,1,1,1,0,0
218,Moberi,0,0,0,1,1,2,0,0,0,0,1,0,0,0,0,0,0,0,0,0,1,0,0,0,0,0,0,0,0,0,0,0,0,1,0,0,OR,50000,0.15,333333,1,1,0,1,1,1,0,0
219,ZipItBedding,0,0,0,1,2,2,4,0,0,0,0,0,0,0,1,1,0,0,0,0,0,0,0,0,1,0,0,0,0,0,0,0,0,0,1,0,CA,75000,0.2,375000,1,1,1,1,0,1,0,0
220,Cheekd,0,0,0,1,1,2,0,0,0,0,0,0,0,0,1,0,0,0,0,0,0,1,0,0,0,0,0,0,0,0,0,0,0,0,1,0,NY,1.00E+05,0.1,1.00E+06,1,1,1,1,0,1,0,0
221,Buzzy4Shots,1,1,0,1,1,2,0,0,0,0,0,0,0,0,1,0,0,0,0,0,0,0,0,0,1,0,0,0,0,0,0,0,0,0,1,0,GA,5.00E+05,0.05,1.00E+07,1,1,1,1,0,1,0,0
222,BufferBit,0,0,0,1,1,2,0,0,0,0,1,0,0,0,0,0,0,0,0,0,0,0,0,0,0,1,0,0,0,0,0,0,0,1,0,0,IL,75000,0.25,3.00E+05,0,1,1,1,1,1,0,0
223,U-Lace,1,0,1,0,1,1,0,0,0,0,1,0,0,0,0,0,0,0,0,0,0,0,0,0,1,0,0,0,0,0,0,0,0,1,0,0,NY,2.00E+05,0.25,8.00E+05,0,1,1,1,1,1,0,0
224,iReTron,1,0,1,0,1,3,0,0,0,0,1,0,0,0,0,0,0,0,0,0,0,1,0,0,0,0,0,0,0,0,0,0,0,1,0,0,CA,1.00E+05,0.2,5.00E+05,1,1,1,1,0,1,0,0
225,HenrysHumdingers,1,0,1,0,1,2,0,0,0,0,1,0,0,0,0,0,0,0,0,0,1,0,0,0,0,0,0,0,0,0,0,0,0,1,0,0,WA,150000,0.25,6.00E+05,1,1,1,1,0,1,0,0
226,DefineBottle,0,0,0,1,1,2,0,0,0,0,1,0,0,0,0,0,0,0,0,0,0,0,0,0,0,0,0,0,1,0,0,0,0,1,0,0,VA,1.00E+05,0.2,5.00E+05,1,1,1,1,0,1,0,0
227,Chapul,1,0,1,0,1,2,0,0,0,0,1,0,0,0,0,0,0,0,0,0,1,0,0,0,0,0,0,0,0,0,0,0,0,1,0,0,UT,50000,0.05,1.00E+06,1,1,0,1,1,1,0,0
228,Morninghead,0,0,0,1,1,4,0,0,0,0,1,0,0,0,0,0,0,0,0,0,0,0,0,0,0,0,1,0,0,0,0,0,0,1,0,0,MA,25000,0.2,125000,1,1,0,1,1,1,0,0
229,Packback,1,0,1,0,2,1,2,0,0,0,1,1,0,0,0,0,0,0,0,0,0,0,0,0,1,0,0,0,0,0,0,0,0,0,0,1,IL,2.00E+05,0.1,2.00E+06,1,1,0,1,1,1,0,0
230,GarageDoorLock,1,0,1,0,1,2,0,0,0,0,1,0,0,0,0,0,0,0,0,0,0,0,1,0,0,0,0,0,0,0,0,0,0,1,0,0,CA,275000,0.3,916667,1,1,0,1,1,1,0,0
231,Plated,1,0,1,0,2,4,4,0,0,0,1,1,0,0,0,0,0,0,0,0,1,0,0,0,0,0,0,0,0,0,0,0,0,1,0,0,NY,5.00E+05,0.04,12500000,1,1,1,1,0,1,0,0
232,MonkeyMat,1,0,1,0,2,2,2,0,0,0,0,0,0,0,1,1,0,0,0,0,0,0,0,0,1,0,0,0,0,0,0,0,0,0,0,1,TX,1.00E+05,0.3,333333,1,1,1,1,0,1,0,0
233,LordNutLevington,0,0,0,1,1,4,0,0,0,0,1,0,0,0,0,0,0,0,0,0,1,0,0,0,0,0,0,0,0,0,0,0,0,1,0,0,TX,5.00E+05,0.3,1666667,1,1,1,1,0,1,0,0
234,HappyFeet,1,0,1,0,1,2,0,0,0,0,1,0,0,0,0,0,0,0,1,0,0,0,0,0,0,0,0,0,0,0,0,0,0,1,0,0,KY,375000,0.15,2500000,1,1,1,1,0,1,0,0
235,HoldYourHaunches,1,0,1,0,2,2,2,0,0,0,0,0,0,0,1,1,0,0,0,0,0,0,0,0,0,0,1,0,0,0,0,0,0,0,1,0,GA,75000,0.2,375000,1,1,1,1,0,1,0,0
236,TaylorRobinsonMusic,0,0,0,1,1,2,0,0,0,0,1,0,0,0,0,0,0,0,0,0,0,1,0,0,0,0,0,0,0,0,0,0,0,1,0,0,TX,1.00E+05,0.1,1.00E+06,0,1,1,1,1,1,0,0
237,QuickstopFireSprinklerTools,1,1,0,1,1,2,0,0,0,0,1,0,0,0,0,0,0,0,0,0,0,0,1,0,0,0,0,0,0,0,0,0,0,1,0,0,CA,150000,0.1,1500000,0,1,1,1,1,1,0,0
238,Intelli-Stopper,0,0,0,1,2,2,2,0,0,0,1,1,0,0,0,0,0,0,0,0,0,0,1,0,0,0,0,0,0,0,0,0,0,1,0,0,NV,250000,0.1,2500000,1,1,1,1,0,1,0,0
239,FortMagic,0,0,0,1,1,2,0,0,0,0,0,0,0,0,1,0,0,0,0,0,0,0,0,0,0,0,0,1,0,0,0,0,0,0,1,0,FL,75000,0.15,5.00E+05,1,1,1,1,0,1,0,0
240,iLumi,1,0,1,0,2,2,1,0,0,0,1,1,0,0,0,0,0,0,0,0,0,0,0,1,0,0,0,0,0,0,0,0,0,1,0,0,TX,350000,0.15,2333333,1,1,1,1,0,1,0,0
241,RuggedManiacObstacleRace,1,0,1,0,2,2,2,0,0,0,1,1,0,0,0,0,0,0,0,0,0,0,0,0,0,0,0,1,0,0,0,0,0,1,0,0,MA,1.00E+06,0.1,1.00E+07,1,1,0,1,1,1,0,0
242,CerebralSuccess,1,0,1,0,1,2,0,0,0,0,1,0,0,0,0,0,0,0,0,0,0,0,1,0,0,0,0,0,0,0,0,0,0,1,0,0,UT,75000,0.2,375000,1,1,0,1,1,1,0,0
243,CrioBru,0,0,0,1,2,2,2,0,0,0,1,1,0,0,0,0,0,0,0,0,1,0,0,0,0,0,0,0,0,0,0,0,0,1,0,0,UT,1.00E+06,0.1,1.00E+07,1,1,0,1,1,1,0,0
244,MosBows,0,0,0,1,2,1,1,0,0,0,1,0,0,0,0,1,0,0,0,0,0,0,0,0,0,0,1,0,0,0,0,0,0,1,0,0,TN,50000,0.2,250000,1,1,0,1,1,1,0,0
245,HangEase,1,0,1,0,1,2,0,0,0,0,1,0,0,0,0,0,0,0,0,0,0,0,1,0,0,0,0,0,0,0,0,0,0,1,0,0,TX,80000,0.3,266667,1,1,1,1,0,1,0,0
246,TheBouqsCompany,0,0,0,1,1,2,0,0,0,0,1,0,0,0,0,0,0,0,0,0,0,1,0,0,0,0,0,0,0,0,0,0,0,1,0,0,CA,258000,0.03,8600000,1,1,1,1,0,1,0,0
247,Angellift,0,0,1,0,1,2,0,0,0,0,1,0,0,0,0,0,0,0,0,0,0,0,0,0,0,0,1,0,0,0,0,0,0,1,0,0,CA,5.00E+05,0.1,5.00E+06,1,1,1,1,0,1,0,0
248,SustyParty,1,1,0,1,2,2,1,0,0,0,0,0,0,0,1,1,0,0,0,0,0,0,1,0,0,0,0,0,0,0,0,0,0,0,1,0,NY,250000,0.1,2500000,1,1,1,1,0,1,0,0
249,BonAffair,1,0,1,0,1,2,0,0,0,0,0,0,0,0,1,0,0,0,0,0,1,0,0,0,0,0,0,0,0,0,0,0,0,0,1,0,CA,150000,0.35,428571,1,1,0,1,1,1,0,0
250,HargittMarineServices,0,0,0,1,1,2,0,0,0,0,1,0,0,0,0,0,0,0,0,0,0,1,0,0,0,0,0,0,0,0,0,0,0,1,0,0,WA,250000,0.25,1.00E+06,1,1,0,1,1,1,0,0
251,OruKayak,1,0,1,0,3,4,4,2,0,0,1,1,1,0,0,0,0,0,0,0,0,0,0,0,0,0,0,0,1,0,0,0,0,1,0,0,CA,5.00E+05,0.12,4166667,1,1,0,1,1,1,0,0
252,Cinnaholic,1,0,1,0,2,2,2,0,0,0,1,0,0,0,0,1,0,0,0,0,1,0,0,0,0,0,0,0,0,0,0,0,0,0,0,1,CA,2.00E+05,0.2,1.00E+06,1,1,0,1,1,1,0,0
253,BakersEdge,0,0,0,1,2,2,2,0,0,0,1,0,0,0,0,1,0,0,0,0,0,0,1,0,0,0,0,0,0,0,0,0,0,0,0,1,IN,4.00E+05,0.2,2.00E+06,1,1,1,1,0,1,0,0
254,Tie-Not,1,1,0,1,2,4,4,0,0,0,1,1,0,0,0,0,0,0,0,0,0,0,0,0,0,0,0,1,0,0,0,0,0,1,0,0,IL,125000,0.1,1250000,1,1,1,1,0,1,0,0
255,FootFairy,1,0,1,0,2,2,2,0,0,0,0,0,0,0,1,1,0,0,0,0,0,1,0,0,0,0,0,0,0,0,0,0,0,0,1,0,CA,75000,0.15,5.00E+05,1,1,1,1,0,1,0,0
256,BZBox,1,0,1,0,1,1,0,0,0,0,0,0,0,0,1,0,0,0,0,0,0,0,1,0,0,0,0,0,0,0,0,0,0,0,1,0,IL,50000,0.2,250000,1,1,1,1,0,1,0,0
257,Amber,0,0,0,1,2,2,4,0,0,0,1,1,0,0,0,0,0,0,0,0,0,0,0,1,0,0,0,0,0,0,0,0,0,1,0,0,DC,2.00E+05,0.2,1.00E+06,0,1,1,1,1,1,0,0
258,HammerNails,0,0,0,1,2,1,1,0,0,0,1,0,0,0,0,1,0,0,0,0,0,0,0,0,0,0,1,0,0,0,0,0,0,1,0,0,CA,2.00E+05,0.2,1.00E+06,0,1,1,1,1,1,0,0
259,SleepingBaby,1,0,1,0,2,2,2,0,0,0,1,0,0,0,0,1,0,0,0,0,0,0,0,0,1,0,0,0,0,0,0,0,0,0,0,1,TX,2.00E+05,0.1,2.00E+06,0,1,1,1,1,1,0,0
260,TheFloatingMugCo.,0,0,0,1,1,1,0,0,0,0,1,0,0,0,0,0,0,0,1,0,0,0,0,0,0,0,0,0,0,0,0,0,0,1,0,0,NC,75000,0.15,5.00E+05,1,1,1,1,0,1,0,0
261,KronosGolf,1,0,1,0,2,2,3,0,0,0,1,1,0,0,0,0,0,0,0,0,0,0,0,0,0,0,0,0,1,0,0,0,0,1,0,0,CA,150000,0.15,1.00E+06,1,1,1,1,0,1,0,0
262,DrumPants,0,0,0,1,2,2,3,0,0,0,1,0,0,0,0,1,0,0,0,0,0,0,0,0,0,0,0,1,0,0,0,0,0,0,0,1,CA,150000,0.05,3.00E+06,0,1,1,1,1,1,0,0
263,SoapSox,1,1,0,1,2,1,3,0,0,0,1,1,0,0,0,0,0,0,0,0,0,0,0,0,1,0,0,0,0,0,0,0,0,1,0,0,CA,260000,0.1,2600000,0,1,1,1,1,1,0,0
264,HeartPup,1,0,1,0,1,2,0,0,0,0,0,0,0,0,1,0,0,0,0,0,0,0,0,0,0,0,0,0,0,1,0,0,0,0,1,0,CA,25000,0.1,250000,0,1,1,1,1,1,0,0
265,NinjaCards,0,0,0,1,2,2,2,0,0,0,1,1,0,0,0,0,0,0,0,0,0,0,0,0,0,0,0,1,0,0,0,0,0,1,0,0,IL,60000,0.3,2.00E+05,0,1,1,1,1,1,0,0
266,PaperBoxPilots,1,0,1,0,2,2,2,0,0,0,1,1,0,0,0,0,0,0,0,0,0,0,0,0,0,0,0,1,0,0,0,0,0,1,0,0,UT,35000,0.25,140000,1,1,1,1,0,1,0,0
267,Tablejacks,0,0,0,1,1,3,0,0,0,0,1,0,0,0,0,0,0,0,1,0,0,0,0,0,0,0,0,0,0,0,0,0,0,1,0,0,TX,1.00E+05,0.25,4.00E+05,1,1,1,1,0,1,0,0
268,Reviver,1,0,1,0,2,2,2,0,0,0,1,1,0,0,0,0,0,0,0,0,0,0,0,0,0,0,1,0,0,0,0,0,0,1,0,0,TX,150000,0.05,3.00E+06,1,1,1,1,0,1,0,0
269,FunCakes,0,0,0,1,2,2,2,0,0,0,1,0,0,0,0,1,0,0,0,0,0,0,0,0,0,0,1,0,0,0,0,0,0,0,1,0,MI,285000,0.25,1140000,1,1,1,1,0,1,0,0
270,TheCaddyGirls,1,1,0,1,1,2,0,0,0,0,0,0,0,0,1,0,0,0,0,0,0,0,0,0,0,0,0,1,0,0,0,0,0,0,0,1,NC,1.00E+05,0.2,5.00E+05,0,1,1,1,1,1,0,0
271,Sun-Staches,1,0,1,0,3,2,2,2,0,0,1,1,1,0,0,0,0,0,1,0,0,0,0,0,0,0,0,0,0,0,0,0,0,1,0,0,CA,3.00E+05,0.05,6.00E+06,0,1,1,1,1,1,0,0
272,JungleJumparoo,0,0,0,1,2,2,2,0,0,0,1,0,0,0,0,1,0,0,0,0,0,0,0,0,0,0,0,1,0,0,0,0,0,0,0,1,UT,1.00E+05,0.2,5.00E+05,0,1,1,1,1,1,0,0
273,BeatBoxBeverages,1,0,1,0,3,2,2,2,0,0,1,1,0,0,0,0,1,0,0,0,1,0,0,0,0,0,0,0,0,0,0,0,0,0,0,1,TX,2.00E+05,0.1,2.00E+06,1,1,1,1,0,1,0,0
274,EmergenSee,0,0,0,1,2,2,4,0,0,0,1,1,0,0,0,0,0,0,0,0,0,0,1,0,0,0,0,0,0,0,0,0,0,1,0,0,CA,250000,0.1,2500000,1,1,1,1,0,1,0,0
275,TheOilerie,0,0,0,1,1,2,0,0,0,0,1,0,0,0,0,0,0,0,0,0,1,0,0,0,0,0,0,0,0,0,0,0,0,0,0,1,WI,5.00E+05,0.35,1428571,1,1,1,1,0,1,0,0
276,MyselfBelts,1,0,1,0,1,2,0,0,0,0,0,0,0,0,1,0,0,0,0,0,0,0,0,0,1,0,0,0,0,0,0,0,0,0,1,0,MO,60000,0.1,6.00E+05,0,1,1,1,1,1,0,0
277,Beardbrand,0,0,0,1,1,2,0,0,0,0,1,0,0,0,0,0,0,0,0,0,0,0,0,0,0,0,1,0,0,0,0,0,0,1,0,0,CA,4.00E+05,0.15,2666667,0,1,1,1,1,1,0,0
278,TITIN,1,0,1,0,1,2,0,0,0,0,1,0,0,0,0,0,0,0,0,0,0,0,0,0,0,0,0,0,1,0,0,0,0,1,0,0,GA,5.00E+05,0.05,1.00E+07,0,1,1,1,1,1,0,0
279,BottleBreacher,1,0,1,0,2,2,2,0,0,0,1,0,0,0,0,1,0,0,1,0,0,0,0,0,0,0,0,0,0,0,0,0,0,1,0,0,AZ,150000,0.1,1500000,0,1,1,1,1,1,0,0
280,manPACK,0,0,0,1,1,2,0,0,0,0,1,0,0,0,0,0,0,0,0,0,0,0,0,0,0,0,1,0,0,0,0,0,0,1,0,0,VA,2.00E+05,0.29,689655,0,1,1,1,1,1,0,0
281,SquattyPotty,1,0,1,0,2,2,2,0,0,0,1,0,0,0,0,1,0,0,0,1,0,0,0,0,0,0,0,0,0,0,0,0,0,0,0,1,UT,350000,0.05,7.00E+06,1,1,1,1,0,1,0,0
282,HeidiHo,1,0,1,0,1,2,0,0,0,0,0,0,0,0,1,0,0,0,0,0,1,0,0,0,0,0,0,0,0,0,0,0,0,0,1,0,OR,125000,0.2,625000,1,1,1,1,0,1,0,0
283,StormStoppers,0,0,0,1,1,2,0,0,0,0,1,0,0,0,0,0,0,0,1,0,0,0,0,0,0,0,0,0,0,0,0,0,0,1,0,0,FL,1.00E+05,0.1,1.00E+06,1,1,1,1,0,1,0,0
284,Pipsnacks,1,0,1,0,2,2,4,0,0,0,1,0,0,0,0,1,0,0,0,0,1,0,0,0,0,0,0,0,0,0,0,0,0,0,0,1,NY,2.00E+05,0.1,2.00E+06,1,1,1,1,0,1,0,0
285,OfftheCob,0,0,0,1,1,2,0,0,0,0,1,0,0,0,0,0,0,0,0,0,1,0,0,0,0,0,0,0,0,0,0,0,0,1,0,0,NY,1.00E+05,0.15,666667,0,1,1,0,1,1,0,1
286,GamedayCouture,1,0,1,0,2,2,2,0,0,0,1,0,0,0,0,1,0,0,0,0,0,0,0,0,0,0,1,0,0,0,0,0,0,0,0,1,OK,5.00E+05,0.2,2500000,0,1,1,1,1,1,0,0
287,Zipz,1,0,1,0,1,2,0,0,0,0,1,0,0,0,0,0,0,0,0,0,1,0,0,0,0,0,0,0,0,0,0,0,0,1,0,0,CA,2500000,0.1,2.50E+07,0,1,1,1,1,1,0,0
288,biaggi,1,0,1,0,1,2,0,0,0,0,1,0,0,0,0,0,0,0,0,0,0,0,1,0,0,0,0,0,0,0,0,0,0,1,0,0,NY,5.00E+05,0.3,1666667,0,1,1,1,1,1,0,0
289,Q-Flex,1,0,1,0,2,3,3,0,0,0,0,0,0,0,1,1,0,0,0,1,0,0,0,0,0,0,0,0,0,0,0,0,0,0,1,0,CA,20000,0.2,1.00E+05,1,1,1,1,0,1,0,0
290,MenschonaBench,1,0,1,0,1,4,0,0,0,0,1,0,0,0,0,0,0,0,0,0,0,0,1,0,0,0,0,0,0,0,0,0,0,1,0,0,OH,150000,0.1,1500000,1,1,1,1,0,1,0,0
291,EveDrop,0,0,0,1,1,2,0,0,0,0,1,0,0,0,0,0,0,0,0,0,0,0,1,0,0,0,0,0,0,0,0,0,0,1,0,0,NV,75000,0.2,375000,1,1,1,1,0,1,0,0
292,BantamBagels,1,0,1,0,2,2,2,0,0,0,1,0,0,0,0,1,0,0,0,0,1,0,0,0,0,0,0,0,0,0,0,0,0,0,0,1,NY,275000,0.11,2500000,1,1,1,1,0,1,0,0
293,CoffeeMeetsBagel,0,0,0,1,3,3,3,3,0,0,0,0,0,0,1,1,1,0,0,0,0,1,0,0,0,0,0,0,0,0,0,0,0,0,1,0,CA,5.00E+05,0.05,1.00E+07,1,1,1,1,0,1,0,0
294,evREwares,1,0,1,0,2,2,2,0,0,0,0,0,0,0,1,1,0,0,0,0,0,0,1,0,0,0,0,0,0,0,0,0,0,0,1,0,NC,1.00E+05,0.3,333333,1,1,1,1,0,1,0,0
295,Vestpakz,0,0,0,1,2,2,2,0,0,0,1,1,0,0,0,0,0,0,0,0,0,0,0,0,1,0,0,0,0,0,0,0,0,1,0,0,GA,50000,0.1,5.00E+05,1,1,1,1,0,1,0,0
296,ScratchGrainBakingCo.,1,0,1,0,2,2,4,0,0,0,0,0,0,0,1,1,0,0,0,0,1,0,0,0,0,0,0,0,0,0,0,0,0,0,1,0,OR,150000,0.2,750000,1,1,1,1,0,1,0,0
297,TurboPUP,1,0,1,0,1,2,0,0,0,0,0,0,0,0,1,0,0,0,0,0,0,0,0,0,0,0,0,0,0,1,0,0,0,0,0,1,OR,1.00E+05,0.2,5.00E+05,0,1,1,1,1,1,0,0
298,Napwell,0,0,0,1,2,4,4,0,0,0,1,1,0,0,0,0,0,0,0,1,0,0,0,0,0,0,0,0,0,0,0,0,0,1,0,0,MA,1.00E+05,0.1,1.00E+06,0,1,1,1,1,1,0,0
299,GreenBox,1,0,1,0,2,2,2,0,0,0,1,0,0,0,0,1,0,0,0,0,0,0,1,0,0,0,0,0,0,0,0,0,0,0,0,1,NY,3.00E+05,0.1,3.00E+06,1,1,1,1,0,1,0,0
300,PhoneSoap,1,0,1,0,2,2,2,0,0,0,1,1,0,0,0,0,0,0,0,0,0,0,1,0,0,0,0,0,0,0,0,0,0,1,0,0,UT,3.00E+05,0.08,4.00E+06,1,1,1,1,0,1,0,0
301,VictoriasKitchen,0,0,0,1,2,2,2,0,0,0,1,0,0,0,0,1,0,0,0,0,1,0,0,0,0,0,0,0,0,0,0,0,0,0,0,1,CA,2.00E+05,0.2,1.00E+06,1,1,1,1,0,1,0,0
302,FreshPatch,1,0,1,0,1,2,0,0,0,0,1,0,0,0,0,0,0,0,0,0,0,0,0,0,0,0,0,0,0,1,0,0,0,0,0,1,FL,150000,0.1,1500000,1,1,1,1,0,1,0,0
303,DrainStrain,1,0,1,0,1,3,0,0,0,0,1,0,0,0,0,0,0,0,0,0,0,0,1,0,0,0,0,0,0,0,0,0,0,1,0,0,MO,110000,0.15,733333,1,1,1,1,0,1,0,0
304,BedJet,0,0,0,1,1,2,0,0,0,0,1,0,0,0,0,0,0,0,0,0,0,0,1,0,0,0,0,0,0,0,0,0,0,1,0,0,RI,250000,0.1,2500000,1,1,1,1,0,1,0,0
305,BevBoy,1,0,1,0,1,2,0,0,0,0,1,0,0,0,0,0,0,0,1,0,0,0,0,0,0,0,0,0,0,0,0,0,0,1,0,0,SC,50000,0.15,333333,0,1,1,1,1,1,0,0
306,FunBites,1,0,1,0,1,2,0,0,0,0,0,0,0,0,1,0,0,0,0,0,0,0,0,0,1,0,0,0,0,0,0,0,0,0,1,0,NY,75000,0.2,375000,0,1,1,1,1,1,0,0
307,Lumi,1,1,0,1,1,2,0,0,0,0,0,0,0,0,1,0,0,0,1,0,0,0,0,0,0,0,0,0,0,0,0,0,0,0,1,0,CA,250000,0.05,5.00E+06,1,1,1,1,0,1,0,0
308,Boobypack,1,0,1,0,1,2,0,0,0,0,0,0,0,0,1,0,0,0,0,0,0,0,0,0,0,0,1,0,0,0,0,0,0,0,1,0,CA,80000,0.2,4.00E+05,1,1,1,1,0,1,0,0
309,luminAID,1,0,1,0,2,2,3,0,0,0,0,0,0,0,1,1,0,0,0,0,0,0,0,1,0,0,0,0,0,0,0,0,0,0,1,0,MI,2.00E+05,0.1,2.00E+06,0,1,1,1,1,1,0,0
310,KeenHome,1,0,0,1,2,2,4,0,0,0,1,1,0,0,0,0,0,0,0,0,0,0,1,0,0,0,0,0,0,0,0,0,0,1,0,0,NY,750000,0.1,7500000,0,1,1,1,1,1,0,0
311,TaalumaTotes,0,0,0,1,2,4,4,0,0,0,1,0,0,0,0,1,0,0,0,0,0,0,0,0,0,0,1,0,0,0,0,0,0,0,0,1,VA,110000,0.15,733333,0,1,1,1,1,1,0,0
312,BedRyder,0,0,0,1,1,2,0,0,0,0,1,0,0,0,0,0,0,0,0,0,0,0,0,0,0,1,0,0,0,0,0,0,0,1,0,0,GA,2.00E+05,0.15,1333333,1,1,1,1,0,1,0,0
313,TheTwinZPillow,1,0,0,1,2,2,2,0,0,0,1,0,0,0,0,1,0,0,0,0,0,0,0,0,1,0,0,0,0,0,0,0,0,0,0,1,GA,75000,0.1,750000,1,1,1,1,0,1,0,0
314,CocoJack,1,0,1,0,1,2,0,0,0,0,1,0,0,0,0,0,0,0,0,0,0,0,1,0,0,0,0,0,0,0,0,0,0,1,0,0,TX,125000,0.1,1250000,1,1,1,1,0,1,0,0
315,FrillClothing,1,0,1,0,2,2,3,0,0,0,0,0,0,0,1,1,0,0,0,0,0,0,0,0,0,0,1,0,0,0,0,0,0,0,1,0,NC,1.00E+05,0.2,5.00E+05,1,1,1,1,0,1,0,0
316,Naja,0,0,0,1,1,2,0,0,0,0,0,0,0,0,1,0,0,0,0,0,0,0,0,0,0,0,1,0,0,0,0,0,0,0,1,0,CA,5.00E+05,0.05,1.00E+07,0,1,1,1,1,1,0,0
317,AquaVault,1,0,1,0,3,2,2,4,0,0,1,1,1,0,0,0,0,0,0,0,0,0,1,0,0,0,0,0,0,0,0,0,0,1,0,0,FL,75000,0.12,625000,0,1,1,1,1,1,0,0
318,BeeSweetLemonade,1,0,1,0,2,1,1,0,0,0,1,0,0,0,0,1,0,0,0,0,1,0,0,0,0,0,0,0,0,0,0,0,0,0,0,1,TX,60000,0.1,6.00E+05,0,1,1,1,1,1,0,0
319,TheHomeT,1,1,0,1,1,2,0,0,0,0,1,0,0,0,0,0,0,0,0,0,0,0,0,0,0,0,1,0,0,0,0,0,0,1,0,0,NY,250000,0.05,5.00E+06,0,1,1,1,1,1,0,0
320,BrandYourself,1,1,0,1,1,2,0,0,0,0,1,0,0,0,0,0,0,0,0,0,0,1,0,0,0,0,0,0,0,0,0,0,0,1,0,0,NY,2.00E+06,0.14,14814815,0,1,1,1,1,1,0,0
321,ForusAthletics,0,0,0,1,2,2,1,0,0,0,1,1,0,0,0,0,0,0,0,0,0,0,0,0,0,0,1,0,0,0,0,0,0,1,0,0,IN,2.00E+05,0.15,1333333,0,1,1,1,1,1,0,0
322,PittMoss,1,0,1,0,1,2,0,0,0,0,1,0,0,0,0,0,0,0,0,0,0,0,1,0,0,0,0,0,0,0,0,0,0,1,0,0,PA,6.00E+05,0.25,2400000,1,1,1,1,0,1,0,0
323,NeatCheeks,1,0,1,0,2,2,2,0,0,0,0,0,0,0,1,1,0,0,0,0,0,0,0,0,1,0,0,0,0,0,0,0,0,0,1,0,CO,150000,0.2,750000,1,1,1,1,0,1,0,0
324,BeneaththeInk,0,0,0,1,2,1,2,0,0,0,1,0,0,0,0,1,0,0,0,0,0,1,0,0,0,0,0,0,0,0,0,0,0,0,0,1,CO,350000,0.1,3500000,1,1,1,1,0,1,0,0
325,SnagaStool,0,0,0,1,2,2,2,0,0,0,1,1,0,0,0,0,0,0,0,0,0,1,0,0,0,0,0,0,0,0,0,0,0,1,0,0,MA,120000,0.18,666667,0,1,1,1,1,1,0,0
326,ZinePak,1,0,1,0,2,2,2,0,0,0,0,0,0,0,1,1,0,0,0,0,0,0,0,0,0,0,0,1,0,0,0,0,0,0,1,0,NY,725000,0.1,7250000,0,1,1,1,1,1,0,0
327,BuckMason,1,1,0,1,2,2,2,0,0,0,1,1,0,0,0,0,0,0,0,0,0,0,0,0,0,0,1,0,0,0,0,0,0,1,0,0,CA,2.00E+05,0.08,2500000,0,1,1,1,1,1,0,0
328,WorldRecordStriperCompany,1,0,1,0,1,2,0,0,0,0,1,0,0,0,0,0,0,0,0,0,0,0,0,0,0,0,0,0,1,0,0,0,0,1,0,0,CT,75000,0.2,375000,0,1,1,1,1,1,0,0
329,ThePaleoDietFoods,0,0,0,1,1,2,0,0,0,0,0,0,0,0,1,0,0,0,0,0,1,0,0,0,0,0,0,0,0,0,0,0,0,0,1,0,CO,150000,0.2,750000,0,1,1,1,1,1,0,0
330,Frameri,1,1,0,1,2,2,2,0,0,0,1,1,0,0,0,0,0,0,0,0,0,0,0,0,0,0,1,0,0,0,0,0,0,1,0,0,OH,150000,0.04,4285714,0,1,1,1,1,1,0,0
331,SynDaverLabs,1,0,1,0,1,2,0,0,0,0,1,0,0,0,0,0,0,0,0,0,0,0,0,0,1,0,0,0,0,0,0,0,0,1,0,0,FL,3.00E+06,0.1,3.00E+07,1,1,1,1,0,1,0,0
332,SunscreenMist,0,0,0,1,2,2,2,0,0,0,1,1,0,0,0,0,0,0,0,0,0,0,0,0,0,0,0,0,1,0,0,0,0,1,0,0,MI,4.00E+05,0.15,2666667,1,1,1,1,0,1,0,0
333,YouKickAss,1,0,1,0,2,2,3,0,0,0,0,0,0,0,1,1,0,0,1,0,0,0,0,0,0,0,0,0,0,0,0,0,0,0,1,0,WA,1.00E+05,0.1,1.00E+06,1,1,1,1,0,1,0,0
334,SharkWheel,1,0,1,0,2,2,2,0,0,0,1,1,0,0,0,0,0,0,0,0,0,0,0,0,0,0,0,0,1,0,0,0,0,1,0,0,CA,1.00E+05,0.05,2.00E+06,0,1,1,0,1,1,0,1
335,thebeebo,1,0,1,0,1,2,0,0,0,0,1,0,0,0,0,0,0,0,0,0,0,0,0,0,1,0,0,0,0,0,0,0,0,1,0,0,NA,2.00E+05,0.2,1.00E+06,0,1,1,1,0,1,0,1
336,SIGNALVAULT,1,0,1,0,1,1,0,0,0,0,1,0,0,0,0,0,0,0,0,0,0,0,0,1,0,0,0,0,0,0,0,0,0,1,0,0,NA,2.00E+05,0.125,1600000,0,1,1,1,0,1,0,1
337,McClaryBrothersDrinkingVinegars,0,0,0,1,1,4,0,0,0,0,0,0,0,0,1,0,0,0,0,0,1,0,0,0,0,0,0,0,0,0,0,0,0,0,1,0,NA,1.00E+05,0.15,666667,0,1,1,1,0,1,0,1
338,Acton,0,0,0,1,1,2,0,0,0,0,1,0,0,0,0,0,0,0,0,0,0,0,0,0,0,0,0,0,1,0,0,0,0,1,0,0,NA,1.00E+06,0.035,28571429,0,1,1,1,0,1,0,1
339,ODangHummus,1,0,1,0,1,4,0,0,0,0,1,0,0,0,0,0,0,0,0,0,1,0,0,0,0,0,0,0,0,0,0,0,0,1,0,0,NA,50000,0.1,5.00E+05,1,1,1,1,0,1,0,0
340,Loliware,1,0,1,0,2,2,2,0,0,0,0,0,0,0,1,1,0,0,0,0,1,0,0,0,0,0,0,0,0,0,0,0,0,0,1,0,NA,150000,0.1,1500000,1,1,1,1,0,1,0,0
341,MikkiBey,0,0,0,1,1,1,0,0,0,0,0,0,0,0,1,0,0,0,0,0,0,0,0,0,0,0,1,0,0,0,0,0,0,0,1,0,NA,3.00E+05,0.2,1500000,1,1,1,1,0,1,0,0
342,Splikity,1,1,0,1,2,4,4,0,0,0,1,1,0,0,0,0,0,0,0,0,0,0,0,1,0,0,0,0,0,0,0,0,0,1,0,0,NA,2.00E+05,0.1,2.00E+06,1,1,1,1,0,1,0,0
343,FootCardigan,1,0,1,0,2,4,4,0,0,0,1,1,0,0,0,0,0,0,0,0,0,0,0,0,0,0,1,0,0,0,0,0,0,1,0,0,NA,250000,0.1,2500000,0,1,1,0,1,1,0,1
344,nerdwax,1,1,0,1,2,2,2,0,0,0,1,0,0,0,0,1,0,0,0,0,0,0,0,0,0,0,1,0,0,0,0,0,0,0,0,1,NA,80000,0.2,4.00E+05,0,1,1,0,1,1,0,1
345,ValPark,0,0,0,1,1,1,0,0,0,0,1,0,0,0,0,0,0,0,0,0,0,0,0,1,0,0,0,0,0,0,0,0,0,1,0,0,NA,3.00E+05,0.2,1500000,0,1,1,0,1,1,0,1
346,milkbrookies,0,0,0,1,3,1,1,1,0,0,1,0,0,0,0,1,1,0,0,0,1,0,0,0,0,0,0,0,0,0,0,0,0,0,0,1,NA,1.00E+05,0.2,5.00E+05,1,1,1,1,0,1,0,0
347,Table87,1,0,1,0,1,2,0,0,0,0,1,0,0,0,0,0,0,0,0,0,1,0,0,0,0,0,0,0,0,0,0,0,0,1,0,0,NA,2.00E+05,0.1,2.00E+06,1,1,1,1,0,1,0,0
348,XCraft,1,0,1,0,2,2,2,0,0,0,1,1,0,0,0,0,0,0,0,0,0,0,0,1,0,0,0,0,0,0,0,0,0,1,0,0,NA,5.00E+05,0.2,2500000,0,1,1,1,1,1,0,0
349,TheSkinnyMirror,0,0,0,1,1,4,0,0,0,0,0,0,0,0,1,0,0,0,0,0,0,0,0,0,0,0,1,0,0,0,0,0,0,0,1,0,NA,2.00E+05,0.2,1.00E+06,0,1,1,1,1,1,0,0
350,StemCenterUSA,1,0,1,0,2,1,1,0,0,0,0,0,0,0,1,1,0,0,0,0,0,0,0,0,1,0,0,0,0,0,0,0,0,0,1,0,NA,150000,0.15,1.00E+06,0,1,1,1,0,1,0,1
351,Hotshot,0,0,0,1,1,2,0,0,0,0,1,0,0,0,0,0,0,0,0,0,1,0,0,0,0,0,0,0,0,0,0,0,0,1,0,0,NA,3.00E+05,0.1,3.00E+06,0,1,1,1,0,1,0,1
352,Windcatcher,1,0,1,0,1,4,0,0,0,0,1,0,0,0,0,0,0,0,0,0,0,0,1,0,0,0,0,0,0,0,0,0,0,1,0,0,NA,2.00E+05,0.08,2500000,0,1,1,1,0,1,0,1
353,SimplyFitBoard,1,0,1,0,2,2,4,0,0,0,0,0,0,0,1,1,0,0,0,0,0,0,0,0,0,0,0,0,1,0,0,0,0,0,1,0,NA,125000,0.15,833333,1,1,1,1,0,1,0,0
354,SavvyNaturals,1,0,1,0,2,4,2,0,0,0,1,0,0,0,0,1,0,0,0,0,0,0,1,0,0,0,0,0,0,0,0,0,0,0,0,1,NA,2.00E+05,0.1,2.00E+06,1,1,1,1,0,1,0,0
355,WinkFrozenDesserts,0,0,0,1,2,2,2,0,0,0,1,0,0,0,0,1,0,0,0,0,1,0,0,0,0,0,0,0,0,0,0,0,0,0,0,1,NA,3.00E+05,0.15,2.00E+06,1,1,1,1,0,1,0,0
356,GripClean,1,0,1,0,1,2,0,0,0,0,1,0,0,0,0,0,0,0,0,0,0,0,0,0,0,0,0,0,1,0,0,0,0,1,0,0,NA,85000,0.2,425000,0,1,1,1,1,1,0,0
357,unshrinkit,1,0,1,0,2,2,1,0,0,0,1,0,0,0,0,1,0,0,0,0,0,0,1,0,0,0,0,0,0,0,0,0,0,0,0,1,NA,150000,0.1,1500000,0,1,1,1,1,1,0,0
358,PolarPro,1,0,1,0,1,2,0,0,0,0,1,0,0,0,0,0,0,0,0,0,0,0,0,1,0,0,0,0,0,0,0,0,0,1,0,0,NA,5.00E+05,0.1,5.00E+06,0,1,1,1,1,1,0,0
359,AFreshSheet,0,0,0,1,1,2,0,0,0,0,1,0,0,0,0,0,0,0,0,0,0,0,1,0,0,0,0,0,0,0,0,0,0,1,0,0,NA,1.00E+05,0.2,5.00E+05,0,1,1,1,1,1,0,0
360,Umano,1,0,1,0,2,4,4,0,0,0,1,1,0,0,0,0,0,0,0,0,0,0,0,0,0,0,1,0,0,0,0,0,0,1,0,0,NA,150000,0.15,1.00E+06,0,1,1,1,1,1,0,0
361,SockTabs,1,0,1,0,2,1,1,0,0,0,1,0,0,0,0,1,0,0,0,0,0,0,1,0,0,0,0,0,0,0,0,0,0,0,0,1,NA,50000,0.2,250000,0,1,1,1,1,1,0,0
362,SarahOliverHandbags,1,0,1,0,1,2,0,0,0,0,0,0,0,0,1,0,0,0,0,0,0,0,0,0,0,0,1,0,0,0,0,0,0,0,1,0,NA,250000,0.2,1250000,1,1,1,1,0,1,0,0
363,Trunkster,1,0,1,0,2,2,4,0,0,0,1,1,0,0,0,0,0,0,0,0,0,0,1,0,0,0,0,0,0,0,0,0,0,1,0,0,NA,1400000,0.05,2.80E+07,1,1,1,1,0,1,0,0
364,LeauxRacingTrikes,0,0,0,1,1,2,0,0,0,0,1,0,0,0,0,0,0,0,0,0,0,0,0,0,0,0,0,0,1,0,0,0,0,1,0,0,NA,120000,0.2,6.00E+05,1,1,1,1,0,1,0,0
365,PiperWei,1,0,1,0,2,4,1,0,0,0,0,0,0,0,1,1,0,0,0,0,0,0,0,0,0,0,1,0,0,0,0,0,0,0,1,0,NA,50000,0.1,5.00E+05,1,1,1,1,0,1,0,0
366,Lovepop,1,0,1,0,2,2,2,0,0,0,1,1,0,0,0,0,0,0,0,0,0,0,1,0,0,0,0,0,0,0,0,0,0,1,0,0,NA,3.00E+05,0.1,3.00E+06,1,1,1,1,0,1,0,0
367,AbsProteinPancakes,1,0,1,0,2,2,2,0,0,0,1,0,0,0,0,1,0,0,0,0,1,0,0,0,0,0,0,0,0,0,0,0,0,0,0,1,NA,120000,0.4,3.00E+05,0,1,1,1,1,1,0,0
368,HungryHarvest,1,0,1,0,1,2,0,0,0,0,1,0,0,0,0,0,0,0,0,0,1,0,0,0,0,0,0,0,0,0,0,0,0,1,0,0,NA,50000,0.05,1.00E+06,1,1,1,1,0,1,0,0
369,spretz,0,0,0,1,3,1,4,4,0,0,1,1,1,0,0,0,0,0,0,0,0,0,1,0,0,0,0,0,0,0,0,0,0,1,0,0,NA,1.00E+05,0.2,5.00E+05,1,1,1,1,0,1,0,0
370,EZPZ,1,1,0,1,1,4,0,0,0,0,0,0,0,0,1,0,0,0,0,0,1,0,0,0,0,0,0,0,0,0,0,0,0,0,1,0,NA,1.00E+06,0.05,2.00E+07,1,1,1,1,0,1,0,0
371,Fixed,1,0,1,0,1,2,0,0,0,0,1,0,0,0,0,0,0,0,0,0,0,0,0,1,0,0,0,0,0,0,0,0,0,1,0,0,NA,7.00E+05,0.05,1.40E+07,0,1,1,1,0,1,0,1
372,VillageScholarships,0,0,0,1,2,1,1,0,0,0,1,0,0,0,0,1,0,0,0,0,0,0,0,0,1,0,0,0,0,0,0,0,0,0,0,1,NA,125000,0.1,1250000,0,1,1,1,0,1,0,1
373,BeardKing,1,0,1,0,2,4,4,0,0,0,1,0,0,0,0,1,0,0,0,0,0,0,0,0,0,0,1,0,0,0,0,0,0,0,0,1,NA,1.00E+05,0.2,5.00E+05,0,1,1,1,0,1,0,1
374,2400Expert,1,0,1,0,1,4,0,0,0,0,1,0,0,0,0,0,0,0,0,0,0,0,0,0,1,0,0,0,0,0,0,0,0,1,0,0,NA,250000,0.1,2500000,0,1,1,1,1,1,0,0
375,Shefit,1,0,1,0,2,2,4,0,0,0,1,0,0,0,0,1,0,0,0,0,0,0,0,0,0,0,0,0,1,0,0,0,0,0,0,1,NA,250000,0.2,1250000,0,1,1,1,1,1,0,0
376,icybreeze,0,0,0,1,3,2,2,2,0,0,1,1,1,0,0,0,0,0,0,0,0,0,0,0,0,0,0,0,0,0,1,0,0,1,0,0,NA,50000,0.05,1.00E+06,0,1,1,1,1,1,0,0
377,Co.alition,0,0,0,1,2,2,2,0,0,0,1,1,0,0,0,0,0,0,0,0,0,0,0,1,0,0,0,0,0,0,0,0,0,1,0,0,NA,2.00E+05,0.2,1.00E+06,0,1,1,1,1,1,0,0
378,CombatFlipFlops,1,0,1,0,2,2,4,0,0,0,1,1,0,0,0,0,0,0,0,0,0,0,0,0,0,0,1,0,0,0,0,0,0,1,0,0,NA,150000,0.1,1500000,0,1,1,1,1,1,0,0
379,R.Riveter,1,0,1,0,2,2,2,0,0,0,0,0,0,0,1,1,0,0,0,0,0,0,0,0,0,0,1,0,0,0,0,0,0,0,1,0,NA,1.00E+05,0.2,5.00E+05,0,1,1,1,1,1,0,0
380,Beartek,0,0,0,1,2,1,1,0,0,0,1,1,0,0,0,0,0,0,0,0,0,0,0,0,0,0,0,1,0,0,0,0,0,1,0,0,NA,5.00E+05,0.05,1.00E+07,0,1,1,1,1,1,0,0
381,MTAILOR,1,1,0,1,1,2,0,0,0,0,1,0,0,0,0,0,0,0,0,0,0,0,0,0,0,0,1,0,0,0,0,0,0,1,0,0,NA,2500000,0.1,2.50E+07,1,1,0,0,1,1,0,1
382,BeeFreeHonee,1,0,1,0,2,2,0,0,0,0,0,0,0,0,1,0,0,0,0,0,1,0,0,0,0,0,0,0,0,0,0,0,0,0,1,0,NA,1.00E+05,0.1,1.00E+06,1,1,0,0,1,1,0,1
383,FloatBaby,0,0,0,1,1,2,0,0,0,0,0,0,0,0,1,0,0,0,0,0,0,0,0,0,1,0,0,0,0,0,0,0,0,0,1,0,NA,150000,0.2,750000,1,1,0,0,1,1,0,1
384,Sworkit,1,0,1,0,2,1,1,0,0,0,1,1,0,0,0,0,0,0,0,0,0,0,0,0,0,0,0,0,1,0,0,0,0,1,0,0,NA,1500000,0.08,18750000,1,1,1,1,0,1,0,0
385,CleanSleep,0,0,0,1,1,4,0,0,0,0,1,0,0,0,0,0,0,0,0,0,0,0,1,0,0,0,0,0,0,0,0,0,0,1,0,0,NA,1500000,0.15,1.00E+07,1,1,1,1,0,1,0,0
386,CustardStandHotDogChili,0,0,0,1,2,2,2,0,0,0,1,0,0,0,0,1,0,0,0,0,1,0,0,0,0,0,0,0,0,0,0,0,0,0,0,1,NA,4.00E+05,0.1,4.00E+06,0,1,1,1,1,1,0,0
387,Insta-Fire,1,0,1,0,2,2,2,0,0,0,1,1,0,0,0,0,0,0,0,0,0,0,1,0,0,0,0,0,0,0,0,0,0,1,0,0,NA,3.00E+05,0.1,3.00E+06,0,1,1,1,1,1,0,0
388,BetterBack,1,0,1,0,2,2,2,0,0,0,1,0,0,0,0,1,0,0,0,1,0,0,0,0,0,0,0,0,0,0,0,0,0,0,1,0,NA,750000,0.075,1.00E+07,1,1,1,1,0,1,0,0
389,Teaspresso,0,0,0,1,1,1,0,0,0,0,0,0,0,0,1,0,0,0,0,0,1,0,0,0,0,0,0,0,0,0,0,0,0,0,1,0,NA,50000,0.1,5.00E+05,1,1,1,1,0,1,0,0
390,Linka,0,0,0,1,1,4,0,0,0,0,1,0,0,0,0,0,0,0,0,0,0,0,0,0,0,0,0,0,1,0,0,0,0,1,0,0,NA,250000,0.1,2500000,1,1,1,1,0,1,0,0
391,GlaceCryotherapy,1,0,1,0,2,2,2,0,0,0,1,0,0,0,0,1,0,0,0,1,0,0,0,0,0,0,0,0,0,0,0,0,0,0,0,1,NA,1.00E+05,0.15,666667,1,1,1,1,0,1,0,0
392,Beloved,0,0,0,1,1,2,0,0,0,0,1,0,0,0,0,0,0,0,0,0,0,0,0,0,0,0,1,0,0,0,0,0,0,1,0,0,NA,175000,0.05,3500000,0,1,1,1,1,1,0,0
393,IlumiBowl,1,0,1,0,2,2,2,0,0,0,1,1,0,0,0,0,0,0,0,0,0,0,1,0,0,0,0,0,0,0,0,0,0,1,0,0,NA,1.00E+05,0.15,666667,0,1,1,1,1,1,0,0
394,MobCraft,0,0,0,1,1,2,0,0,0,0,1,0,0,0,0,0,0,0,0,0,1,0,0,0,0,0,0,0,0,0,0,0,0,1,0,0,NA,4.00E+05,0.16,2500000,0,1,1,1,1,1,0,0
395,InnovationPet,1,0,1,0,2,2,2,0,0,0,1,0,0,0,0,1,0,0,0,0,0,0,0,0,0,0,0,0,0,1,0,0,0,0,0,1,NA,250000,0.05,5.00E+06,0,1,1,1,1,1,0,0
396,Vengo,1,0,1,0,2,2,2,0,0,0,1,1,0,0,0,0,0,0,0,0,1,0,0,0,0,0,0,0,0,0,0,0,0,1,0,0,NA,2.00E+06,0.125,1.60E+07,0,1,1,1,1,1,0,0
397,BeerBlizzard,1,0,1,0,2,2,2,0,0,0,1,1,0,0,0,0,0,0,0,0,1,0,0,0,0,0,0,0,0,0,0,0,0,1,0,0,NA,1.00E+05,0.1,1.00E+06,0,1,1,1,1,1,0,0
398,TheGoodPromise,0,0,0,1,1,2,0,0,0,0,0,0,0,0,1,0,0,0,0,0,1,0,0,0,0,0,0,0,0,0,0,0,0,0,1,0,NA,1.00E+05,0.2,5.00E+05,0,1,1,1,1,1,0,0
399,Coolbox,1,0,1,0,2,2,2,0,0,0,1,1,0,0,0,0,0,0,0,0,0,0,1,0,0,0,0,0,0,0,0,0,0,1,0,0,NA,5.00E+05,0.1,5.00E+06,0,1,1,1,1,1,0,0
400,Trobo,1,0,1,0,2,2,2,0,0,0,1,1,0,0,0,0,0,0,0,0,0,0,0,0,1,0,0,0,0,0,0,0,0,1,0,0,NA,1.00E+05,0.1,1.00E+06,0,1,1,1,1,1,0,0
401,NoPhone,0,0,0,1,2,2,2,0,0,0,1,1,0,0,0,0,0,0,0,0,0,0,0,0,0,0,0,0,0,0,0,0,1,1,0,0,NY,25000,0.15,166667,0,1,1,1,1,1,0,0
402,Petnostics,1,0,1,0,1,3,0,0,0,0,1,0,0,0,0,0,0,0,0,0,0,0,0,0,0,0,0,0,0,1,0,0,0,1,0,0,NA,3.00E+05,0.1,3.00E+06,0,1,1,1,0,1,0,1
403,SlydeHandboards,1,0,1,0,2,2,4,0,0,0,1,0,0,0,0,1,0,0,0,0,0,0,0,0,0,0,0,0,1,0,0,0,0,0,0,1,NA,2.00E+05,0.15,1333333,0,1,1,1,0,1,0,1
404,Frends,0,0,0,1,2,4,4,0,0,0,1,1,0,0,0,0,0,0,0,0,0,0,0,0,0,0,1,0,0,0,0,0,0,1,0,0,NA,1.00E+06,0.076,13157895,0,1,1,1,0,1,0,1
405,JarrettRajaProductions,0,0,0,1,2,2,4,0,0,0,1,1,0,0,0,0,0,0,0,0,0,0,0,0,0,0,0,1,0,0,0,0,0,1,0,0,NV,750000,0.4,1875000,1,1,1,1,0,1,0,0
406,KidRunner,0,0,0,1,2,2,2,0,0,0,1,1,0,0,0,0,0,0,0,0,0,0,0,0,0,0,0,0,1,0,0,0,0,1,0,0,NA,5.00E+05,0.2,2500000,1,1,1,1,0,1,0,0
407,TheDripDrop,1,0,1,0,2,2,2,0,0,0,1,1,0,0,0,0,0,0,0,0,1,0,0,0,0,0,0,0,0,0,0,0,0,1,0,0,CO,50000,0.2,250000,1,1,1,1,0,1,0,0
408,InchBug,1,1,0,1,1,2,0,0,0,0,0,0,0,0,1,0,0,0,0,0,0,0,0,0,1,0,0,0,0,0,0,0,0,0,1,0,TX,4.00E+05,0.1,4.00E+06,1,1,1,1,0,1,0,0
409,brightwheel,1,0,1,0,1,4,0,0,0,0,1,0,0,0,0,0,0,0,0,0,0,0,0,0,1,0,0,0,0,0,0,0,0,1,0,0,CA,4.00E+05,0.04,1.00E+07,1,1,0,0,1,1,0,1
410,FashionTap,0,0,0,1,1,2,0,0,0,0,0,0,0,0,1,0,0,0,0,0,0,0,0,0,0,0,1,0,0,0,0,0,0,0,1,0,CA,1.00E+05,0.1,1.00E+06,1,1,0,0,1,1,0,1
411,MyFruityFaces,0,0,0,1,2,2,1,0,0,0,1,1,0,0,0,0,0,0,0,0,1,0,0,0,0,0,0,0,0,0,0,0,0,1,0,0,CA,2.00E+05,0.1,2.00E+06,1,1,0,0,1,1,0,1
412,YourselfExpression,0,0,0,1,2,2,2,0,0,0,1,0,0,0,0,1,0,0,0,0,0,0,0,0,0,0,1,0,0,0,0,0,0,0,0,1,FL,50000,0.2,250000,1,1,1,1,0,1,0,0
413,dollopgourmet,1,0,1,0,1,4,0,0,0,0,0,0,0,0,1,0,0,0,0,0,1,0,0,0,0,0,0,0,0,0,0,0,0,0,1,0,NY,75000,0.2,375000,1,1,1,1,0,1,0,0
414,TheSpooner,1,0,1,0,3,2,2,2,0,0,1,1,1,0,0,0,0,0,0,0,0,0,0,0,0,0,0,0,1,0,0,0,0,1,0,0,CA,4.00E+05,0.16,2500000,1,1,1,1,0,1,0,0
415,Creaproducts,1,0,1,0,1,3,0,0,0,0,0,0,0,0,1,0,0,0,0,0,0,0,0,0,0,0,1,0,0,0,0,0,0,0,1,0,HI,2.00E+05,0.1,2.00E+06,1,1,1,1,0,1,0,0
416,VPCABS,1,0,1,0,1,2,0,0,0,0,1,0,0,0,0,0,0,0,0,0,0,0,0,0,0,0,0,1,0,0,0,0,0,1,0,0,OH,2.00E+05,0.1,2.00E+06,0,1,1,1,1,1,0,0
417,CampNoCounselors,0,0,0,1,1,4,0,0,0,0,1,0,0,0,0,0,0,0,0,0,0,0,0,0,0,0,0,0,1,0,0,0,0,1,0,0,NY,3.00E+05,0.075,4.00E+06,0,1,1,1,1,1,0,0
418,PMSBites,0,0,0,1,1,2,0,0,0,0,0,0,0,0,1,0,0,0,0,0,1,0,0,0,0,0,0,0,0,0,0,0,0,0,1,0,MA,50000,0.2,250000,1,1,1,1,0,1,0,0
419,Felt,1,0,1,0,1,4,0,0,0,0,1,0,0,0,0,0,0,0,0,0,0,0,1,0,0,0,0,0,0,0,0,0,0,1,0,0,CO,2.00E+05,0.06,3333333,1,1,1,1,0,1,0,0
420,Pavlok,1,1,0,1,1,4,0,0,0,0,1,0,0,0,0,0,0,0,0,0,0,0,0,0,0,0,0,0,0,0,0,0,1,1,0,0,MA,5.00E+05,0.031,15923567,1,1,1,1,0,1,0,0
421,PetePedro,1,0,1,0,1,4,0,0,0,0,1,0,0,0,0,0,0,0,0,0,0,0,0,0,0,0,1,0,0,0,0,0,0,1,0,0,GA,1.00E+05,0.1,1.00E+06,1,1,1,1,0,1,0,0
422,iSlide,1,1,0,1,1,2,0,0,0,0,1,0,0,0,0,0,0,0,0,0,0,0,0,0,0,0,1,0,0,0,0,0,0,1,0,0,MA,5.00E+05,0.05,1.00E+07,1,1,1,1,1,1,0,0
423,SpoonfulofComfort,0,0,0,1,2,2,2,0,0,0,1,0,0,0,0,1,0,0,0,0,1,0,0,0,0,0,0,0,0,0,0,0,0,0,0,1,UT,4.00E+05,0.1,4.00E+06,1,1,1,1,1,1,0,0
424,Fizzics,1,0,1,0,2,2,2,0,0,0,1,1,0,0,0,0,0,0,0,0,1,0,0,0,0,0,0,0,0,0,0,0,0,1,0,0,NJ,5.00E+05,0.04,12500000,1,1,1,1,1,1,0,0
425,Tactibite,1,0,1,0,2,1,1,0,0,0,1,1,0,0,0,0,0,0,0,0,0,0,0,0,0,0,0,0,1,0,0,0,0,1,0,0,LA,150000,0.1,1500000,0,1,1,1,1,1,0,0
426,TheLapelProject,1,0,1,0,2,2,4,0,0,0,1,1,0,0,0,0,0,0,0,0,0,0,0,0,0,0,1,0,0,0,0,0,0,1,0,0,FL,150000,0.2,750000,0,1,1,1,1,1,0,0
427,GoodHangups,1,0,1,0,1,2,0,0,0,0,0,0,0,0,1,0,0,0,0,0,0,0,1,0,0,0,0,0,0,0,0,0,0,0,1,0,WA,1.00E+05,0.1,1.00E+06,0,1,1,1,1,1,0,0
428,NightRunner270,1,0,1,0,2,2,2,0,0,0,1,0,0,0,0,1,0,0,0,0,0,0,0,0,0,0,0,0,1,0,0,0,0,0,0,1,FL,250000,0.1,2500000,1,1,1,1,0,1,0,0
429,TheCookieKahuna,0,0,0,1,1,4,0,0,0,0,1,0,0,0,0,0,0,0,0,0,1,0,0,0,0,0,0,0,0,0,0,0,0,1,0,0,HI,50000,0.2,250000,1,1,1,1,0,1,0,0
430,TekDry,1,0,1,0,2,2,4,0,0,0,1,1,0,0,0,0,0,0,0,0,0,0,0,1,0,0,0,0,0,0,0,0,0,1,0,0,CO,5.00E+05,0.05,1.00E+07,1,1,1,1,0,1,0,0
431,biem,1,0,1,0,1,2,0,0,0,0,1,0,0,0,0,0,0,0,0,0,1,0,0,0,0,0,0,0,0,0,0,0,0,1,0,0,TX,5.00E+05,0.05,1.00E+07,0,1,1,1,1,1,0,0
432,AtlanticCandies,0,0,0,1,1,2,0,0,0,0,1,0,0,0,0,0,0,0,0,0,1,0,0,0,0,0,0,0,0,0,0,0,0,1,0,0,FL,1.00E+06,0.1,1.00E+07,0,1,1,1,1,1,0,0
433,SafeGrabs,1,0,1,0,1,3,0,0,0,0,0,0,0,0,1,0,0,0,0,0,0,0,1,0,0,0,0,0,0,0,0,0,0,0,1,0,TX,75000,0.12,625000,1,1,1,1,0,1,0,0
434,ParkerMapleFarm,0,0,0,1,1,2,0,0,0,0,1,0,0,0,0,0,0,0,0,0,1,0,0,0,0,0,0,0,0,0,0,0,0,1,0,0,NY,2.00E+05,0.2,1.00E+06,1,1,1,1,0,1,0,0
435,SiliDogs,1,0,1,0,1,2,0,0,0,0,1,0,0,0,0,0,0,0,0,0,0,0,0,0,0,0,0,0,0,1,0,0,0,1,0,0,FL,100000.05,0.15,666667,1,1,1,1,0,1,0,0
436,sunscreeenr,1,0,1,0,1,2,0,0,0,0,1,0,0,0,0,0,0,0,0,1,0,0,0,0,0,0,0,0,0,0,0,0,0,1,0,0,NC,8.00E+05,0.1,8.00E+06,0,1,1,1,1,1,0,0
437,PotatoParcel,1,0,1,0,2,2,2,0,0,0,1,1,0,0,0,0,0,0,0,0,0,0,0,0,0,0,0,1,0,0,0,0,0,1,0,0,CA,50000,0.1,5.00E+05,0,1,1,1,1,1,0,0
438,LuluBang,0,0,0,1,2,1,1,0,0,0,0,0,0,0,1,1,0,0,0,0,1,0,0,0,0,0,0,0,0,0,0,0,0,0,1,0,PA,150000,0.1,1500000,0,1,1,1,1,1,0,0
439,besomebody,0,0,0,1,1,4,0,0,0,0,1,0,0,0,0,0,0,0,0,0,0,0,0,1,0,0,0,0,0,0,0,0,0,1,0,0,MA,1.00E+06,0.1,1.00E+07,1,1,1,1,1,1,0,0
440,StyleClub,1,0,1,0,1,4,0,0,0,0,0,0,0,0,1,0,0,0,0,0,0,0,0,0,0,0,1,0,0,0,0,0,0,0,1,0,PA,5.00E+05,0.2,2500000,1,1,1,1,1,1,0,0
441,Chilantro,1,0,1,0,1,3,0,0,0,0,1,0,0,0,0,0,0,0,0,0,1,0,0,0,0,0,0,0,0,0,0,0,0,1,0,0,TX,6.00E+05,0.15,4.00E+06,1,1,1,0,0,1,0,1
442,Toor,1,0,1,0,1,1,0,0,0,0,1,0,0,0,0,0,0,0,0,0,0,0,1,0,0,0,0,0,0,0,0,0,0,1,0,0,TX,5.00E+05,0.1,5.00E+06,1,1,1,0,0,1,0,1
443,JacksStandsMarketplaces,1,0,1,0,2,2,2,0,0,0,1,1,0,0,0,0,0,0,0,0,0,0,0,0,1,0,0,0,0,0,0,0,0,1,0,0,CO,50000,0.1,5.00E+05,1,1,1,0,0,1,0,1
444,MilkSnob,1,0,1,0,1,2,0,0,0,0,0,0,0,0,1,0,0,0,0,0,0,0,0,0,1,0,0,0,0,0,0,0,0,0,1,0,TX,125000,0.05,2500000,1,1,1,0,0,1,0,1
445,BarbellApparel,0,0,0,1,2,2,2,0,0,0,1,1,0,0,0,0,0,0,0,0,0,0,0,0,0,0,1,0,0,0,0,0,0,1,0,0,NV,5.00E+05,0.05,1.00E+07,0,1,1,1,1,1,0,0
446,energybits,0,0,0,1,1,2,0,0,0,0,0,0,0,0,1,0,0,0,0,0,1,0,0,0,0,0,0,0,0,0,0,0,0,0,1,0,MA,5.00E+05,0.05,1.00E+07,0,1,1,1,1,1,0,0
447,PupBox,1,0,1,0,2,2,2,0,0,0,1,0,0,0,0,1,0,0,0,0,0,0,0,0,0,0,0,0,0,1,0,0,0,0,0,1,CA,250000,0.1,2500000,0,1,1,1,1,1,0,0
448,Inboard,1,0,1,0,3,2,2,2,0,0,1,1,1,0,0,0,0,0,0,0,0,0,0,0,0,0,0,0,1,0,0,0,0,1,0,0,CA,750000,0.04,18750000,0,1,1,1,0,1,0,1
449,nomiku,1,0,1,0,2,2,3,0,0,0,1,0,0,0,0,1,0,0,0,0,1,0,0,0,0,0,0,0,0,0,0,0,0,0,0,1,CA,250000,0.05,5.00E+06,0,1,1,1,0,1,0,1
450,Nootrobox,0,0,0,1,2,2,3,0,0,0,1,1,0,0,0,0,0,0,0,0,1,0,0,0,0,0,0,0,0,0,0,0,0,1,0,0,CA,2.00E+06,0.05,4.00E+07,0,1,1,1,0,1,0,1
451,petplate,0,0,0,1,1,1,0,0,0,0,1,0,0,0,0,0,0,0,0,0,0,0,0,0,0,0,0,0,0,1,0,0,0,1,0,0,NY,1.00E+05,0.1,1.00E+06,0,1,1,1,0,1,0,1
452,Polyglide,0,0,0,1,1,2,0,0,0,0,1,0,0,0,0,0,0,0,0,0,0,0,0,0,0,0,0,0,1,0,0,0,0,1,0,0,AZ,150000,0.2,750000,1,1,1,1,0,1,0,0
453,PDXPetDesign,0,0,0,1,2,2,2,0,0,0,1,0,0,0,0,1,0,0,0,0,0,0,0,0,0,0,0,0,0,1,0,0,0,0,0,1,OR,3.00E+05,0.15,2.00E+06,0,1,1,1,1,1,0,0
454,BasicOutfitters,1,1,0,1,2,4,2,0,0,0,1,0,0,0,0,1,0,0,0,0,0,0,0,0,0,0,1,0,0,0,0,0,0,0,0,1,NY,125000,0.1,1250000,0,1,1,1,1,1,0,0
455,NaturallyPerfectDolls,1,0,1,0,2,1,1,0,0,0,1,0,0,0,0,1,0,0,0,0,0,0,0,0,1,0,0,0,0,0,0,0,0,0,0,1,FL,2.00E+05,0.2,1.00E+06,0,1,1,1,1,1,0,0
456,VictoryCoffees,0,0,0,1,1,2,0,0,0,0,1,0,0,0,0,0,0,0,0,0,1,0,0,0,0,0,0,0,0,0,0,0,0,1,0,0,NC,250000,0.2,1250000,0,1,1,1,1,1,0,0
457,nicepipes,0,0,0,1,1,2,0,0,0,0,0,0,0,0,1,0,0,0,0,0,0,0,0,0,0,0,1,0,0,0,0,0,0,0,1,0,NY,1.00E+05,0.1,1.00E+06,1,1,1,1,0,1,0,0
458,MamasMilkBox,0,0,0,1,1,2,0,0,0,0,0,0,0,0,1,0,0,0,0,0,0,0,0,0,0,0,1,0,0,0,0,0,0,0,1,0,PA,2.00E+05,0.2,1.00E+06,1,1,1,1,0,1,0,0
459,GreaseBags,1,0,1,0,1,1,0,0,0,0,0,0,0,0,1,0,0,0,0,0,0,0,1,0,0,0,0,0,0,0,0,0,0,0,1,0,TX,75000,0.25,3.00E+05,1,1,1,1,0,1,0,0
460,Pinblock,1,0,1,0,1,2,0,0,0,0,1,0,0,0,0,0,0,0,0,0,0,0,0,0,1,0,0,0,0,0,0,0,0,1,0,0,NY,1.00E+05,0.2,5.00E+05,1,1,1,1,0,1,0,0
461,PopUpPlay,1,0,1,0,2,2,2,0,0,0,1,0,0,0,0,1,0,0,0,0,0,0,0,0,1,0,0,0,0,0,0,0,0,0,0,1,TX,250000.02,0.06,4166667,1,1,1,0,0,1,0,1
462,RinseKit,1,0,1,0,2,2,2,0,0,0,1,1,0,0,0,0,0,0,0,0,0,0,0,0,0,0,0,0,1,0,0,0,0,1,0,0,CA,250000,0.05,5.00E+06,0,1,1,1,1,1,0,0
463,Dbestproducts,1,0,1,0,1,2,0,0,0,0,1,0,0,0,0,0,0,0,0,0,0,0,1,0,0,0,0,0,0,0,0,0,0,1,0,0,CA,350000,0.05,7.00E+06,0,1,1,1,1,1,0,0
464,FirefighterTurnoutBags,1,0,1,0,2,2,2,0,0,0,1,0,0,0,0,1,0,0,0,0,0,0,0,0,0,0,1,0,0,0,0,0,0,0,0,1,CA,250000.08,0.33,757576,0,1,1,1,1,1,0,0
465,Tranquilo,1,0,1,0,1,2,0,0,0,0,0,0,0,0,1,0,0,0,0,0,0,0,0,0,1,0,0,0,0,0,0,0,0,0,1,0,MA,1.00E+05,0.1,1.00E+06,0,1,1,1,1,1,0,0
466,HotelsByDay,0,0,0,1,2,2,4,0,0,0,1,1,0,0,0,0,0,0,0,0,0,0,0,0,0,0,0,0,0,0,1,0,0,1,0,0,NY,750000,0.1,7500000,0,1,1,1,0,1,0,1
467,Bitsbox,0,0,0,1,2,2,4,0,0,0,1,1,0,0,0,0,0,0,0,0,0,0,0,0,1,0,0,0,0,0,0,0,0,1,0,0,CO,249999.99,0.03,8333333,0,1,1,1,0,1,0,1
468,OraOrganics,1,1,0,1,2,2,3,0,0,0,1,1,0,0,0,0,0,0,0,1,0,0,0,0,0,0,0,0,0,0,0,0,0,1,0,0,CA,375000,0.05,7500000,0,1,1,1,1,1,0,0
469,DartDrones,1,0,1,0,1,2,0,0,0,0,0,0,0,0,1,0,0,0,0,0,0,0,0,1,0,0,0,0,0,0,0,0,0,0,1,0,MA,3.00E+05,0.1,3.00E+06,0,1,1,1,1,1,0,0
470,TheSleepStyler,1,0,1,0,1,2,0,0,0,0,0,0,0,0,1,0,0,0,0,0,0,0,0,0,0,0,1,0,0,0,0,0,0,0,1,0,CA,75000,0.2,375000,1,1,1,1,0,1,0,0
471,BlentiqueWineCompany,1,0,1,0,1,2,0,0,0,0,1,0,0,0,0,0,0,0,0,0,1,0,0,0,0,0,0,0,0,0,0,0,0,1,0,0,CA,250000,0.1,2500000,1,1,1,1,0,1,0,0
472,ApolloPeak,1,0,1,0,1,2,0,0,0,0,1,0,0,0,0,0,0,0,0,0,0,0,0,0,0,0,0,0,0,1,0,0,0,1,0,0,CO,1.00E+05,0.1,1.00E+06,0,1,1,1,1,1,0,0
473,cropsticks,0,0,0,1,1,3,0,0,0,0,0,0,0,0,1,0,0,0,0,0,0,0,1,0,0,0,0,0,0,0,0,0,0,0,1,0,HI,75000,0.125,6.00E+05,0,1,1,1,1,1,0,0
474,UnderTheWeather,1,0,1,0,1,2,0,0,0,0,1,0,0,0,0,0,0,0,0,0,0,0,0,0,0,0,0,0,1,0,0,0,0,1,0,0,OH,6.00E+05,0.1,6.00E+06,0,1,1,1,1,1,0,0
475,seedsheet,1,0,1,0,1,2,0,0,0,0,1,0,0,0,0,0,0,0,0,0,0,0,1,0,0,0,0,0,0,0,0,0,0,1,0,0,VT,5.00E+05,0.1,5.00E+06,0,1,1,1,1,1,0,0
476,Validated,0,0,0,1,3,2,2,2,0,0,1,1,1,0,0,0,0,0,0,0,0,0,0,1,0,0,0,0,0,0,0,0,0,1,0,0,OR,250000,0.08,3125000,1,1,1,0,0,1,0,1
477,GuardLlama,1,0,1,0,2,2,4,0,0,0,1,1,0,0,0,0,0,0,0,0,0,0,0,1,0,0,0,0,0,0,0,0,0,1,0,0,IL,1.00E+05,0.05,2.00E+06,1,1,1,0,0,1,0,1
478,Flag,0,0,0,1,2,4,2,0,0,0,1,0,0,0,0,1,0,0,0,0,0,0,1,0,0,0,0,0,0,0,0,0,0,0,0,1,CA,375000,0.05,7500000,1,1,1,0,0,1,0,1
479,SeeRescueStreamer,0,0,0,1,1,2,0,0,0,0,1,0,0,0,0,0,0,0,0,0,0,0,0,0,0,0,0,0,1,0,0,0,0,1,0,0,HI,2.00E+05,0.2,1.00E+06,0,1,1,1,1,1,0,0
480,BootyQueenApparel,1,0,1,0,2,2,2,0,0,0,1,0,0,0,0,1,0,0,0,0,0,0,0,0,0,0,1,0,0,0,0,0,0,0,0,1,TX,250000,0.2,1250000,0,1,1,1,1,1,0,0
481,LocTote,1,0,0,1,2,2,2,0,0,0,1,1,0,0,0,0,0,0,0,0,0,0,0,0,0,0,1,0,0,0,0,0,0,1,0,0,OH,150000,0.05,3.00E+06,0,1,1,1,1,1,0,0
482,RumiSpice,1,0,1,0,3,2,3,3,0,0,0,0,1,0,1,1,0,0,0,0,1,0,0,0,0,0,0,0,0,0,0,0,0,0,0,1,IL,250000,0.05,5.00E+06,0,1,1,1,1,1,0,0
483,PeoplesDesign,1,0,1,0,1,2,0,0,0,0,1,0,0,0,0,0,0,0,0,0,0,0,1,0,0,0,0,0,0,0,0,0,0,1,0,0,CO,75000,0.25,3.00E+05,0,1,1,1,1,1,0,0
484,WineDesign,1,0,1,0,2,2,2,0,0,0,1,0,0,0,0,1,0,0,0,0,0,0,0,0,0,0,0,1,0,0,0,0,0,0,0,1,NC,5.00E+05,0.1,5.00E+06,1,1,1,1,0,1,0,0
485,LaidBrand,0,0,0,1,2,2,2,0,0,0,1,1,0,0,0,0,0,0,0,0,0,0,0,0,0,0,1,0,0,0,0,0,0,1,0,0,FL,30000,0.3,1.00E+05,1,1,1,1,0,1,0,0
486,BridalBuddy,1,0,1,0,1,2,0,0,0,0,0,0,0,0,1,0,0,0,0,0,0,0,0,0,0,0,1,0,0,0,0,0,0,0,1,0,PA,75000,0.1,750000,1,1,1,1,0,1,0,0
487,WypAviation,0,0,0,1,1,2,0,0,0,0,1,0,0,0,0,0,0,0,0,0,0,0,0,0,0,0,0,0,1,0,0,0,0,1,0,0,AL,5.00E+05,0.2,2500000,0,1,1,1,1,0,0,1
488,SimpleHabit,0,0,0,1,1,3,0,0,0,0,0,0,0,0,1,0,0,0,0,1,0,0,0,0,0,0,0,0,0,0,0,0,0,0,1,0,CA,6.00E+05,0.05,1.20E+07,0,1,1,1,1,0,0,1
489,JacksonsHonest,1,0,1,0,2,2,2,0,0,0,1,0,0,0,0,1,0,0,0,0,1,0,0,0,0,0,0,0,0,0,0,0,0,0,0,1,CO,1250000,0.05,2.50E+07,1,1,1,1,0,0,0,1
490,QBall,1,0,1,0,1,2,0,0,0,0,1,0,0,0,0,0,0,0,0,0,0,0,0,0,0,0,0,1,0,0,0,0,0,1,0,0,NC,199999.95,0.15,1333333,1,1,1,1,0,0,0,1
491,trippie,0,0,0,1,1,1,0,0,0,0,1,0,0,0,0,0,0,0,0,0,0,0,0,0,0,0,0,0,0,0,1,0,0,1,0,0,CA,1.00E+05,0.1,1.00E+06,1,1,1,1,0,0,0,1
492,Seventy2,1,0,1,0,2,2,4,0,0,0,1,1,0,0,0,0,0,0,0,0,0,0,1,0,0,0,0,0,0,0,0,0,0,1,0,0,CA,1.00E+05,0.05,2.00E+06,1,1,1,1,0,0,0,1
493,ThirdWaveWater,1,0,1,0,3,2,2,2,0,0,1,1,1,0,0,0,0,0,0,0,1,0,0,0,0,0,0,0,0,0,0,0,0,1,0,0,OH,1.00E+05,0.1,1.00E+06,1,1,1,1,0,1,0,0
494,Tanglepets,1,0,1,0,1,2,0,0,0,0,0,0,0,0,1,0,0,0,0,0,0,0,0,0,1,0,0,0,0,0,0,0,0,0,1,0,WA,75000,0.3,250000,1,1,1,1,0,1,0,0
495,EnsoRings,1,0,1,0,2,2,2,0,0,0,1,1,0,0,0,0,0,0,0,0,0,0,0,0,0,0,1,0,0,0,0,0,0,1,0,0,UT,500000.025,0.075,6666667,1,1,1,1,0,1,0,0
496,DelightedByHummus,1,0,1,0,1,2,0,0,0,0,0,0,0,0,1,0,0,0,0,0,1,0,0,0,0,0,0,0,0,0,0,0,0,0,1,0,NV,6.00E+05,0.12,5.00E+06,1,1,1,0,0,1,0,1
497,Solemender,0,0,0,1,2,4,4,0,0,0,1,1,0,0,0,0,0,0,0,1,0,0,0,0,0,0,0,0,0,0,0,0,0,1,0,0,MI,75000,0.1,750000,1,1,1,0,0,1,0,1
498,H3oSports,1,0,1,0,2,2,2,0,0,0,1,1,0,0,0,0,0,0,0,0,0,0,0,0,0,0,0,0,1,0,0,0,0,1,0,0,FL,120000,0.15,8.00E+05,0,1,1,1,1,1,0,0
499,AshAnvil,1,0,1,0,2,2,3,0,0,0,1,1,0,0,0,0,0,0,0,0,0,0,0,0,0,0,1,0,0,0,0,0,0,1,0,0,MI,1.00E+05,0.125,8.00E+05,0,1,1,1,1,1,0,0
500,Kwik-hang,0,0,0,1,1,2,0,0,0,0,1,0,0,0,0,0,0,0,0,0,0,0,1,0,0,0,0,0,0,0,0,0,0,1,0,0,MA,80000,0.2,4.00E+05,0,1,1,1,1,1,0,0
501,Mirmir,1,0,1,0,2,2,2,0,0,0,1,1,0,0,0,0,0,0,0,0,0,0,0,0,0,0,0,1,0,0,0,0,0,1,0,0,CA,350000,0.1,3500000,0,1,1,1,1,1,0,0
502,BrazynLife,1,0,1,0,1,2,0,0,0,0,1,0,0,0,0,0,0,0,0,0,0,0,0,0,0,0,0,0,1,0,0,0,0,1,0,0,CA,225000,0.1,2250000,0,1,1,0,1,1,0,1
503,NovelEffect,1,0,1,0,2,2,2,0,0,0,1,0,0,0,0,1,0,0,0,0,0,0,0,0,1,0,0,0,0,0,0,0,0,0,0,1,WA,5.00E+05,0.1,5.00E+06,0,1,1,0,1,1,0,1
504,FatherFigure,0,0,0,1,1,4,0,0,0,0,1,0,0,0,0,0,0,0,0,0,0,0,0,0,1,0,0,0,0,0,0,0,0,1,0,0,NY,79999.95,0.15,533333,0,1,1,0,1,1,0,1
505,Qeepsake,1,1,0,1,1,2,0,0,0,0,1,0,0,0,0,0,0,0,0,0,0,0,0,0,1,0,0,0,0,0,0,0,0,1,0,0,MA,350000,0.1,3500000,1,1,1,0,0,1,0,1
506,GeoOrbital,0,0,0,1,2,2,2,0,0,0,1,1,0,0,0,0,0,0,0,0,0,0,0,0,0,0,0,0,1,0,0,0,0,1,0,0,MA,5.00E+05,0.05,1.00E+07,1,1,1,0,0,1,0,1
507,Pearachute,1,0,1,0,1,2,0,0,0,0,0,0,0,0,1,0,0,0,0,0,0,0,0,0,1,0,0,0,0,0,0,0,0,0,1,0,IL,499999.98,0.06,8333333,1,1,1,0,0,1,0,1
508,WaiveCar,1,0,1,0,2,2,2,0,0,0,1,1,0,0,0,0,0,0,0,0,0,0,0,0,0,1,0,0,0,0,0,0,0,1,0,0,CA,5.00E+05,0.02,2.50E+07,1,1,1,0,0,1,0,1
509,Snoofybee,1,0,1,0,2,2,2,0,0,0,1,0,0,0,0,1,0,0,0,0,0,0,0,0,1,0,0,0,0,0,0,0,0,0,0,1,OR,85000,0.1,850000,0,1,1,1,0,1,0,1
510,NoMo-Stach,1,0,1,0,2,2,4,0,0,0,0,0,0,0,1,1,0,0,0,0,0,0,0,0,0,0,1,0,0,0,0,0,0,0,1,0,CA,1.00E+05,0.25,4.00E+05,0,1,1,1,0,1,0,1
511,SnarkyTea,1,0,1,0,1,2,0,0,0,0,0,0,0,0,1,0,0,0,0,0,1,0,0,0,0,0,0,0,0,0,0,0,0,0,1,0,PA,150000,0.25,6.00E+05,0,1,1,1,0,1,0,1
512,BrilliantPad,1,0,1,0,1,2,0,0,0,0,1,0,0,0,0,0,0,0,0,0,0,0,0,0,0,0,0,0,0,1,0,0,0,1,0,0,IL,5.00E+05,0.05,1.00E+07,1,1,1,0,0,1,0,1
513,HoopMaps,0,0,0,1,2,1,1,0,0,0,1,1,0,0,0,0,0,0,0,0,0,0,0,0,0,0,0,0,1,0,0,0,0,1,0,0,CA,1.00E+05,0.05,2.00E+06,1,1,1,0,0,1,0,1
514,Glovestix,1,0,1,0,1,2,0,0,0,0,0,0,0,0,1,0,0,0,0,0,0,0,0,0,0,0,0,0,1,0,0,0,0,0,1,0,VA,150000,0.1,1500000,1,1,1,0,0,1,0,1
515,DNASimple,1,0,1,0,1,1,0,0,0,0,1,0,0,0,0,0,0,0,0,1,0,0,0,0,0,0,0,0,0,0,0,0,0,1,0,0,NY,1.00E+05,0.125,8.00E+05,0,1,1,1,1,0,0,1
516,Grypmat,1,0,1,0,1,2,0,0,0,0,1,0,0,0,0,0,0,0,0,0,0,0,0,0,0,1,0,0,0,0,0,0,0,1,0,0,OH,2.00E+05,0.1,2.00E+06,0,1,1,1,1,0,0,1
517,Slumberkins,0,0,0,1,2,2,2,0,0,0,0,0,0,0,1,1,0,0,0,0,0,0,0,0,1,0,0,0,0,0,0,0,0,0,1,0,Canada,175000,0.05,3500000,0,1,1,1,1,1,0,0
518,ReelyHookedFishCo.,1,0,1,0,2,2,2,0,0,0,1,1,0,0,0,0,0,0,0,0,1,0,0,0,0,0,0,0,0,0,0,0,0,1,0,0,FL,75000,0.25,3.00E+05,0,1,1,1,1,1,0,0
519,ProntoBev,1,0,1,0,1,2,0,0,0,0,1,0,0,0,0,0,0,0,0,0,0,0,1,0,0,0,0,0,0,0,0,0,0,1,0,0,CA,1.00E+05,0.05,2.00E+06,0,1,1,1,1,1,0,0
520,TheCutBuddy,1,0,1,0,1,1,0,0,0,0,1,0,0,0,0,0,0,0,0,0,0,0,0,0,0,0,1,0,0,0,0,0,0,1,0,0,FL,3.00E+05,0.1,3.00E+06,0,1,1,1,1,1,0,0
521,CocoTaps,0,0,0,1,1,2,0,0,0,0,1,0,0,0,0,0,0,0,0,0,0,0,1,0,0,0,0,0,0,0,0,0,0,1,0,0,CA,150000,0.1,1500000,1,1,1,1,0,0,0,1
522,ChristmasTreeHugger,0,0,0,1,1,4,0,0,0,0,1,0,0,0,0,0,0,0,0,0,0,0,1,0,0,0,0,0,0,0,0,0,0,1,0,0,NY,1.00E+05,0.2,5.00E+05,1,1,1,1,0,1,0,0
523,RokBlok,1,0,1,0,1,1,0,0,0,0,1,0,0,0,0,0,0,0,0,0,0,0,0,0,0,0,0,1,0,0,0,0,0,1,0,0,CA,3.00E+05,0.15,2.00E+06,1,1,1,1,0,1,0,0
524,TheOriginalComfy,1,0,1,0,2,2,2,0,0,0,1,1,0,0,0,0,0,0,0,0,0,0,0,0,0,0,1,0,0,0,0,0,0,1,0,0,AZ,50000,0.2,250000,1,1,1,1,0,1,0,0
525,ModernChristmasTrees,1,0,1,0,1,4,0,0,0,0,1,0,0,0,0,0,0,0,0,0,0,0,1,0,0,0,0,0,0,0,0,0,0,1,0,0,CO,1.00E+05,0.1,1.00E+06,1,1,1,1,0,1,0,0
526,birddogs,0,0,0,1,2,2,2,0,0,0,1,1,0,0,0,0,0,0,0,0,0,0,0,0,0,0,1,0,0,0,0,0,0,1,0,0,NY,250000.005,0.015,16666667,0,1,1,1,1,1,0,0
527,EllipticalStroller,0,0,0,1,1,4,0,0,0,0,1,0,0,0,0,0,0,0,0,0,0,0,0,0,0,0,0,0,1,0,0,0,0,1,0,0,FL,5.00E+05,0.4,1250000,0,1,1,1,1,1,0,0
528,Inirv,0,0,0,1,2,4,4,0,0,0,1,0,0,0,0,1,0,0,0,0,0,0,1,0,0,0,0,0,0,0,0,0,0,0,0,1,CA,8.00E+05,0.08,1.00E+07,0,1,1,1,1,1,0,0
529,Stasher,1,0,1,0,1,3,0,0,0,0,0,0,0,0,1,0,0,0,0,0,0,0,0,0,0,0,0,0,0,0,0,1,0,0,1,0,CA,4.00E+05,0.05,8.00E+06,1,1,1,1,0,0,0,1
530,Recharj,0,0,0,1,1,2,0,0,0,0,1,0,0,0,0,0,0,0,0,0,0,1,0,0,0,0,0,0,0,0,0,0,0,1,0,0,DC,75000,0.15,5.00E+05,1,1,1,1,0,0,0,1
531,Detrapel,1,0,1,0,2,2,2,0,0,0,1,1,0,0,0,0,0,0,0,0,0,0,1,0,0,0,0,0,0,0,0,0,0,1,0,0,PA,2.00E+05,0.2,1.00E+06,1,1,1,1,0,0,0,1
532,TheLongHairs,1,0,1,0,2,2,2,0,0,0,1,1,0,0,0,0,0,0,0,0,0,0,0,0,0,0,1,0,0,0,0,0,0,1,0,0,CA,95000,0.1,950000,0,1,1,1,1,1,0,0
533,DudeRobe,0,0,0,1,1,2,0,0,0,0,1,0,0,0,0,0,0,0,0,0,0,0,0,0,0,0,1,0,0,0,0,0,0,1,0,0,NY,149999.94,0.18,833333,0,1,1,1,1,1,0,0
534,JoesGourmetFishFry,1,0,1,0,2,1,1,0,0,0,1,0,0,0,0,1,0,0,0,0,1,0,0,0,0,0,0,0,0,0,0,0,0,0,0,1,GA,150000,0.15,1.00E+06,0,1,1,1,1,1,0,0
535,BrushHero,1,1,0,1,2,2,2,0,0,0,1,1,0,0,0,0,0,0,0,0,0,0,0,0,0,0,0,0,0,0,0,0,1,1,0,0,NA,5.00E+05,0.1,5.00E+06,0,1,1,1,1,1,0,0
536,RounderBum,1,0,1,0,1,4,0,0,0,0,1,0,0,0,0,0,0,0,0,0,0,0,0,0,0,0,0,0,0,0,0,0,1,1,0,0,NA,3.00E+05,0.2,1500000,0,1,1,1,1,1,0,0
537,GuzzleBuddy,1,0,1,0,2,2,2,0,0,0,1,0,0,0,0,1,0,0,0,0,0,0,0,0,0,0,0,0,0,0,0,0,1,0,0,1,NA,4.00E+05,0.1,4.00E+06,0,1,1,1,1,1,0,0
538,TheWingman,1,1,0,1,2,2,2,0,0,0,1,1,0,0,0,0,0,0,0,0,0,0,0,0,0,0,0,0,1,0,0,0,0,1,0,0,WI,2.00E+05,0.125,1600000,0,1,1,0,1,1,0,1
539,Zuvaa,1,1,0,1,1,1,0,0,0,0,0,0,0,0,1,0,0,0,0,0,0,0,0,0,0,0,1,0,0,0,0,0,0,0,1,0,GA,460000,0.1,4600000,0,1,1,0,1,1,0,1
540,BouquetBar,1,0,1,0,3,4,4,4,0,0,1,1,1,0,0,0,0,0,0,0,0,0,1,0,0,0,0,0,0,0,0,0,0,1,0,0,CA,150000,0.1,1500000,0,1,1,0,1,1,0,1
541,TheDoughBar,1,0,1,0,2,4,2,0,0,0,1,0,0,0,0,1,0,0,0,0,1,0,0,0,0,0,0,0,0,0,0,0,0,0,0,1,CA,3.00E+05,0.15,2.00E+06,1,1,1,1,0,0,0,1
542,ChangEd,1,0,1,0,2,2,4,0,0,0,1,1,1,0,0,0,0,0,0,0,0,0,0,0,1,0,0,0,0,0,0,0,0,1,0,0,IL,250000.05,0.15,1666667,1,1,1,1,0,0,0,1
543,ShowerPill,0,0,0,1,3,1,1,4,0,0,1,1,1,0,0,0,0,0,0,1,0,0,0,0,0,0,0,0,0,0,0,0,0,1,0,0,MD,3.00E+05,0.1,3.00E+06,1,1,1,1,0,0,0,1
544,Everytable,1,0,1,0,2,2,2,0,0,0,1,1,0,0,0,0,0,0,0,0,1,0,0,0,0,0,0,0,0,0,0,0,0,1,0,0,CA,1.00E+06,0.05,2.00E+07,1,1,1,1,0,0,0,1
545,Petrol,0,0,0,1,2,2,4,0,0,0,1,0,0,0,0,1,0,0,0,0,0,0,0,0,0,0,0,0,0,1,0,0,0,0,0,1,NC,150000,0.2,750000,1,1,1,1,0,0,0,1
546,Sunnova,0,0,0,1,3,2,2,2,0,0,1,1,1,0,0,0,0,0,0,0,1,0,0,0,0,0,0,0,0,0,0,0,0,1,0,0,NY,499999.995,0.045,11111111,1,1,1,1,0,0,0,1
547,Avocaderia,1,0,1,0,1,2,0,0,0,0,1,0,0,0,0,0,0,0,0,0,1,0,0,0,0,0,0,0,0,0,0,0,0,1,0,0,WA,3.00E+05,0.1,3.00E+06,1,1,1,1,0,0,0,1
548,HugosAmazingTape,1,0,1,0,2,2,2,0,0,0,0,0,0,0,1,1,0,0,0,0,0,0,1,0,0,0,0,0,0,0,0,0,0,0,1,0,CA,50000,0.5,1.00E+05,1,1,1,1,0,1,0,0
549,LaceYourFace,1,0,1,0,2,2,3,0,0,0,0,0,0,0,1,1,0,0,0,0,0,0,0,0,0,0,1,0,0,0,0,0,0,0,1,0,CA,350000,0.1,3500000,0,1,1,1,1,0,0,1
550,Bermies,0,0,0,1,1,2,0,0,0,0,1,0,0,0,0,0,0,0,0,0,0,0,0,0,0,0,1,0,0,0,0,0,0,1,0,0,FL,2.00E+05,0.2,1.00E+06,0,1,1,1,1,0,0,1
551,OAFoods,1,0,1,0,1,2,0,0,0,0,1,0,0,0,0,0,0,0,0,0,1,0,0,0,0,0,0,0,0,0,0,0,0,1,0,0,FL,3.00E+05,0.1,3.00E+06,0,1,1,1,1,0,0,1